unit_number,street_address_1,street_address_2,city,state,zip,building_number,association_number,folio,strap
611,4199 BELLASOL CIRCLE,,FORT MYERS,FL,33916,6,3,10517568,31-44-25-P3-01506.0611
826,4214 BELLASOL CIRCLE,,FORT MYERS,FL,33916,8,4,10511470,31-44-25-P3-01608.0826
224,4125 BELLASOL CIRCLE,,FORT MYERS,FL,33916,2,2,10502554,31-44-25-P3-01402.0224
1423,4128 BELLASOL CIRCLE,,FORT MYERS,FL,33916,14,2,10505624,31-44-25-P3-01414.1423
123,4117 BELLASOL CIRCLE,,FORT MYERS,FL,33916,1,1,10501870,31-44-25-P3-01301.0123
1125,4109 BELLASOL CIRCLE,,FORT MYERS,FL,33916,11,1,10503635,31-44-25-P3-01311.1125
223,4125 BELLASOL CIRCLE,,FORT MYERS,FL,33916,2,2,10502553,31-44-25-P3-01402.0223
2114,4267 BELLASOL CIRCLE,,FORT MYERS,FL,33916,21,5,10516496,31-44-25-P3-01721.2114
613,4199 BELLASOL CIRCLE,,FORT MYERS,FL,33916,6,3,10517570,31-44-25-P3-01506.0613
811,4214 BELLASOL CIRCLE,,FORT MYERS,FL,33916,8,4,10511459,31-44-25-P3-01608.0811
1312,4104 BELLASOL CIRCLE,,FORT MYERS,FL,33916,13,1,10499772,31-44-25-P3-01313.1312
414,4141 BELLASOL CIRCLE,,FORT MYERS,FL,33916,4,3,10511490,31-44-25-P3-01504.0414
2314,4281 BELLASOL CIRCLE,,FORT MYERS,FL,33916,23,6,10517091,31-44-25-P3-01823.2314
1913,4241 BELLASOL CIRCLE,,FORT MYERS,FL,33916,19,5,10515072,31-44-25-P3-01719.1913
812,4214 BELLASOL CIRCLE,,FORT MYERS,FL,33916,8,4,10511460,31-44-25-P3-01608.0812
1914,4241 BELLASOL CIRCLE,,FORT MYERS,FL,33916,19,5,10515073,31-44-25-P3-01719.1914
512,4191 BELLASOL CIRCLE,,FORT MYERS,FL,33916,5,3,10511496,31-44-25-P3-01505.0512
2024,4259 BELLASOL CIRCLE,,FORT MYERS,FL,33916,20,5,10515085,31-44-25-P3-01720.2024
2014,4259 BELLASOL CIRCLE,,FORT MYERS,FL,33916,20,5,10515081,31-44-25-P3-01720.2014
2411,4287 BELLASOL CIRCLE,,FORT MYERS,FL,33916,24,6,10517096,31-44-25-P3-01824.2411
813,4214 BELLASOL CIRCLE,,FORT MYERS,FL,33916,8,4,10511461,31-44-25-P3-01608.0813
2614,4299 BELLASOL CIRCLE,,FORT MYERS,FL,33916,26,6,10517115,31-44-25-P3-01826.2614
2613,4299 BELLASOL CIRCLE,,FORT MYERS,FL,33916,26,6,10517114,31-44-25-P3-01826.2613
1113,4109 BELLASOL CIRCLE,,FORT MYERS,FL,33916,11,1,10503627,31-44-25-P3-01311.1113
1823,4233 BELLASOL CIRCLE,,FORT MYERS,FL,33916,18,5,10512612,31-44-25-P3-01718.1823
1821,4233 BELLASOL CIRCLE,,FORT MYERS,FL,33916,18,5,10512610,31-44-25-P3-01718.1821
815,4214 BELLASOL CIRCLE,,FORT MYERS,FL,33916,8,4,10511463,31-44-25-P3-01608.0815
2311,4281 BELLASOL CIRCLE,,FORT MYERS,FL,33916,23,6,10517088,31-44-25-P3-01823.2311
213,4125 BELLASOL CIRCLE,,FORT MYERS,FL,33916,2,2,10502547,31-44-25-P3-01402.0213
1424,4128 BELLASOL CIRCLE,,FORT MYERS,FL,33916,14,2,10505625,31-44-25-P3-01414.1424
1214,4101 BELLASOL CIRCLE,,FORT MYERS,FL,33916,12,1,10499766,31-44-25-P3-01312.1214
324,4133 BELLASOL CIRCLE,,FORT MYERS,FL,33916,3,2,10502566,31-44-25-P3-01403.0324
924,4222 BELLASOL CIRCLE,,FORT MYERS,FL,33916,9,4,10511478,31-44-25-P3-01609.0924
1413,4128 BELLASOL CIRCLE,,FORT MYERS,FL,33916,14,2,10505620,31-44-25-P3-01414.1413
2013,4259 BELLASOL CIRCLE,,FORT MYERS,FL,33916,20,5,10515080,31-44-25-P3-01720.2013
3311,4312 BELLASOL CIRCLE,,FORT MYERS,FL,33916,33,7,10508323,31-44-25-P3-01333.3311
2421,4287 BELLASOL CIRCLE,,FORT MYERS,FL,33916,24,6,10517100,31-44-25-P3-01824.2421
1621,4225 BELLASOL CIRCLE,,FORT MYERS,FL,33916,16,2,10505975,31-44-25-P3-01416.1621
911,4222 BELLASOL CIRCLE,,FORT MYERS,FL,33916,9,4,10511471,31-44-25-P3-01609.0911
311,4133 BELLASOL CIRCLE,,FORT MYERS,FL,33916,3,2,10502557,31-44-25-P3-01403.0311
2011,4259 BELLASOL CIRCLE,,FORT MYERS,FL,33916,20,5,10515078,31-44-25-P3-01720.2011
2521,4293 BELLASOL CIRCLE,,FORT MYERS,FL,33916,25,6,10517108,31-44-25-P3-01825.2521
2012,4259 BELLASOL CIRCLE,,FORT MYERS,FL,33916,20,5,10515079,31-44-25-P3-01720.2012
1626,4225 BELLASOL CIRCLE,,FORT MYERS,FL,33916,16,2,10505980,31-44-25-P3-01416.1626
126,4117 BELLASOL CIRCLE,,FORT MYERS,FL,33916,1,1,10501873,31-44-25-P3-01301.0126
1611,4225 BELLASOL CIRCLE,,FORT MYERS,FL,33916,16,2,10505969,31-44-25-P3-01416.1611
2113,4267 BELLASOL CIRCLE,,FORT MYERS,FL,33916,21,5,10516495,31-44-25-P3-01721.2113
821,4214 BELLASOL CIRCLE,,FORT MYERS,FL,33916,8,4,10511465,31-44-25-P3-01608.0821
1911,4241 BELLASOL CIRCLE,,FORT MYERS,FL,33916,19,5,10515070,31-44-25-P3-01719.1911
923,4222 BELLASOL CIRCLE,,FORT MYERS,FL,33916,9,4,10511477,31-44-25-P3-01609.0923
2512,4293 BELLASOL CIRCLE,,FORT MYERS,FL,33916,25,6,10517105,31-44-25-P3-01825.2512
222,4125 BELLASOL CIRCLE,,FORT MYERS,FL,33916,2,2,10502552,31-44-25-P3-01402.0222
2313,4281 BELLASOL CIRCLE,,FORT MYERS,FL,33916,23,6,10517090,31-44-25-P3-01823.2313
1521,4136 BELLASOL CIRCLE,,FORT MYERS,FL,33916,15,2,10505630,31-44-25-P3-01415.1521
712,4206 BELLASOL CIRCLE,,FORT MYERS,FL,33916,7,4,10511452,31-44-25-P3-01607.0712
814,4214 BELLASOL CIRCLE,,FORT MYERS,FL,33916,8,4,10511462,31-44-25-P3-01608.0814
421,4141 BELLASOL CIRCLE,,FORT MYERS,FL,33916,4,3,10511491,31-44-25-P3-01504.0421
2221,4275 BELLASOL CIRCLE,,FORT MYERS,FL,33916,22,5,10517688,31-44-25-P3-01722.2221
2624,4299 BELLASOL CIRCLE,,FORT MYERS,FL,33916,26,6,10517119,31-44-25-P3-01826.2624
2211,4275 BELLASOL CIRCLE,,FORT MYERS,FL,33916,22,5,10517684,31-44-25-P3-01722.2211
122,4117 BELLASOL CIRCLE,,FORT MYERS,FL,33916,1,1,10501869,31-44-25-P3-01301.0122
614,4199 BELLASOL CIRCLE,,FORT MYERS,FL,33916,6,3,10517571,31-44-25-P3-01506.0614
1824,4233 BELLASOL CIRCLE,,FORT MYERS,FL,33916,18,5,10512613,31-44-25-P3-01718.1824
2721,4327 BELLASOL CIRCLE,,FORT MYERS,FL,33916,27,7,10499626,31-44-25-P3-01327.2721
1615,4225 BELLASOL CIRCLE,,FORT MYERS,FL,33916,16,2,10505973,31-44-25-P3-01416.1615
3111,4324 BELLASOL CIRCLE,,FORT MYERS,FL,33916,31,7,10499636,31-44-25-P3-01331.3111
1222,4101 BELLASOL CIRCLE,,FORT MYERS,FL,33916,12,1,10499768,31-44-25-P3-01312.1222
116,4117 BELLASOL CIRCLE,,FORT MYERS,FL,33916,1,1,10501867,31-44-25-P3-01301.0116
1224,4101 BELLASOL CIRCLE,,FORT MYERS,FL,33916,12,1,10499770,31-44-25-P3-01312.1224
121,4117 BELLASOL CIRCLE,,FORT MYERS,FL,33916,1,1,10501868,31-44-25-P3-01301.0121
1613,4225 BELLASOL CIRCLE,,FORT MYERS,FL,33916,16,2,10505971,31-44-25-P3-01416.1613
621,4199 BELLASOL CIRCLE,,FORT MYERS,FL,33916,6,3,10517572,31-44-25-P3-01506.0621
1322,4104 BELLASOL CIRCLE,,FORT MYERS,FL,33916,13,1,10499776,31-44-25-P3-01313.1322
1414,4128 BELLASOL CIRCLE,,FORT MYERS,FL,33916,14,2,10505621,31-44-25-P3-01414.1414
721,4206 BELLASOL CIRCLE,,FORT MYERS,FL,33916,7,4,10511455,31-44-25-P3-01607.0721
2423,4287 BELLASOL CIRCLE,,FORT MYERS,FL,33916,24,6,10517102,31-44-25-P3-01824.2423
114,4117 BELLASOL CIRCLE,,FORT MYERS,FL,33916,1,1,10501865,31-44-25-P3-01301.0114
1314,4104 BELLASOL CIRCLE,,FORT MYERS,FL,33916,13,1,10499774,31-44-25-P3-01313.1314
2513,4293 BELLASOL CIRCLE,,FORT MYERS,FL,33916,25,6,10517106,31-44-25-P3-01825.2513
3411,4306 BELLASOL CIRCLE,,FORT MYERS,FL,33916,34,7,10508327,31-44-25-P3-01334.3411
816,4214 BELLASOL CIRCLE,,FORT MYERS,FL,33916,8,4,10511464,31-44-25-P3-01608.0816
824,4214 BELLASOL CIRCLE,,FORT MYERS,FL,33916,8,4,10511468,31-44-25-P3-01608.0824
1523,4136 BELLASOL CIRCLE,,FORT MYERS,FL,33916,15,2,10505632,31-44-25-P3-01415.1523
3122,4324 BELLASOL CIRCLE,,FORT MYERS,FL,33916,31,7,10499639,31-44-25-P3-01331.3122
3422,4306 BELLASOL CIRCLE,,FORT MYERS,FL,33916,34,7,10508330,31-44-25-P3-01334.3422
822,4214 BELLASOL CIRCLE,,FORT MYERS,FL,33916,8,4,10511466,31-44-25-P3-01608.0822
2412,4287 BELLASOL CIRCLE,,FORT MYERS,FL,33916,24,6,10517097,31-44-25-P3-01824.2412
2611,4299 BELLASOL CIRCLE,,FORT MYERS,FL,33916,26,6,10517112,31-44-25-P3-01826.2611
1811,4233 BELLASOL CIRCLE,,FORT MYERS,FL,33916,18,5,10512606,31-44-25-P3-01718.1811
1223,4101 BELLASOL CIRCLE,,FORT MYERS,FL,33916,12,1,10499769,31-44-25-P3-01312.1223
2921,4336 BELLASOL CIRCLE,,FORT MYERS,FL,33916,29,7,10508317,31-44-25-P3-01329.2921
1722,4219 BELLASOL CIRCLE,,FORT MYERS,FL,33916,17,2,10508188,31-44-25-P3-01417.1722
2312,4281 BELLASOL CIRCLE,,FORT MYERS,FL,33916,23,6,10517089,31-44-25-P3-01823.2312
1114,4109 BELLASOL CIRCLE,,FORT MYERS,FL,33916,11,1,10503628,31-44-25-P3-01311.1114
921,4222 BELLASOL CIRCLE,,FORT MYERS,FL,33916,9,4,10511475,31-44-25-P3-01609.0921
1411,4128 BELLASOL CIRCLE,,FORT MYERS,FL,33916,14,2,10505618,31-44-25-P3-01414.1411
322,4133 BELLASOL CIRCLE,,FORT MYERS,FL,33916,3,2,10502564,31-44-25-P3-01403.0322
1021,4236 BELLASOL CIRCLE,,FORT MYERS,FL,33916,10,4,10511483,31-44-25-P3-01610.1021
214,4125 BELLASOL CIRCLE,,FORT MYERS,FL,33916,2,2,10502548,31-44-25-P3-01402.0214
2612,4299 BELLASOL CIRCLE,,FORT MYERS,FL,33916,26,6,10517113,31-44-25-P3-01826.2612
422,4141 BELLASOL CIRCLE,,FORT MYERS,FL,33916,4,3,10511492,31-44-25-P3-01504.0422
2712,4327 BELLASOL CIRCLE,,FORT MYERS,FL,33916,27,7,10499625,31-44-25-P3-01327.2712
1321,4104 BELLASOL CIRCLE,,FORT MYERS,FL,33916,13,1,10499775,31-44-25-P3-01313.1321
1616,4225 BELLASOL CIRCLE,,FORT MYERS,FL,33916,16,2,10505974,31-44-25-P3-01416.1616
2111,4267 BELLASOL CIRCLE,,FORT MYERS,FL,33916,21,5,10516493,31-44-25-P3-01721.2111
2022,4259 BELLASOL CIRCLE,,FORT MYERS,FL,33916,20,5,10515083,31-44-25-P3-01720.2022
1622,4225 BELLASOL CIRCLE,,FORT MYERS,FL,33916,16,2,10505976,31-44-25-P3-01416.1622
1211,4101 BELLASOL CIRCLE,,FORT MYERS,FL,33916,12,1,10499763,31-44-25-P3-01312.1211
1924,4241 BELLASOL CIRCLE,,FORT MYERS,FL,33916,19,5,10515077,31-44-25-P3-01719.1924
3421,4306 BELLASOL CIRCLE,,FORT MYERS,FL,33916,34,7,10508329,31-44-25-P3-01334.3421
711,4206 BELLASOL CIRCLE,,FORT MYERS,FL,33916,7,4,10511451,31-44-25-P3-01607.0711
2811,4315 BELLASOL CIRCLE,,FORT MYERS,FL,33916,28,7,10499628,31-44-25-P3-01328.2811
1814,4233 BELLASOL CIRCLE,,FORT MYERS,FL,33916,18,5,10512609,31-44-25-P3-01718.1814
612,4199 BELLASOL CIRCLE,,FORT MYERS,FL,33916,6,3,10517569,31-44-25-P3-01506.0612
1313,4104 BELLASOL CIRCLE,,FORT MYERS,FL,33916,13,1,10499773,31-44-25-P3-01313.1313
1714,4219 BELLASOL CIRCLE,,FORT MYERS,FL,33916,17,2,10508186,31-44-25-P3-01417.1714
111,4117 BELLASOL CIRCLE,,FORT MYERS,FL,33916,1,1,10501862,31-44-25-P3-01301.0111
412,4141 BELLASOL CIRCLE,,FORT MYERS,FL,33916,4,3,10511488,31-44-25-P3-01504.0412
2021,4259 BELLASOL CIRCLE,,FORT MYERS,FL,33916,20,5,10515082,31-44-25-P3-01720.2021
1721,4219 BELLASOL CIRCLE,,FORT MYERS,FL,33916,17,2,10508187,31-44-25-P3-01417.1721
424,4141 BELLASOL CIRCLE,,FORT MYERS,FL,33916,4,3,10511494,31-44-25-P3-01504.0424
112,4117 BELLASOL CIRCLE,,FORT MYERS,FL,33916,1,1,10501863,31-44-25-P3-01301.0112
2711,4327 BELLASOL CIRCLE,,FORT MYERS,FL,33916,27,7,10499624,31-44-25-P3-01327.2711
314,4133 BELLASOL CIRCLE,,FORT MYERS,FL,33916,3,2,10502560,31-44-25-P3-01403.0314
1923,4241 BELLASOL CIRCLE,,FORT MYERS,FL,33916,19,5,10515076,31-44-25-P3-01719.1923
2122,4267 BELLASOL CIRCLE,,FORT MYERS,FL,33916,21,5,10516498,31-44-25-P3-01721.2122
2722,4327 BELLASOL CIRCLE,,FORT MYERS,FL,33916,27,7,10499627,31-44-25-P3-01327.2722
2212,4275 BELLASOL CIRCLE,,FORT MYERS,FL,33916,22,5,10517685,31-44-25-P3-01722.2212
2514,4293 BELLASOL CIRCLE,,FORT MYERS,FL,33916,25,6,10517107,31-44-25-P3-01825.2514
1213,4101 BELLASOL CIRCLE,,FORT MYERS,FL,33916,12,1,10499765,31-44-25-P3-01312.1213
3012,4330 BELLASOL CIRCLE,,FORT MYERS,FL,33916,30,7,10499633,31-44-25-P3-01330.3012
2413,4287 BELLASOL CIRCLE,,FORT MYERS,FL,33916,24,6,10517098,31-44-25-P3-01824.2413
1022,4236 BELLASOL CIRCLE,,FORT MYERS,FL,33916,10,4,10511484,31-44-25-P3-01610.1022
3212,4318 BELLASOL CIRCLE,,FORT MYERS,FL,33916,32,7,10508320,31-44-25-P3-01332.3212
1212,4101 BELLASOL CIRCLE,,FORT MYERS,FL,33916,12,1,10499764,31-44-25-P3-01312.1212
922,4222 BELLASOL CIRCLE,,FORT MYERS,FL,33916,9,4,10511476,31-44-25-P3-01609.0922
211,4125 BELLASOL CIRCLE,,FORT MYERS,FL,33916,2,2,10502545,31-44-25-P3-01402.0211
1121,4109 BELLASOL CIRCLE,,FORT MYERS,FL,33916,11,1,10503631,31-44-25-P3-01311.1121
1011,4236 BELLASOL CIRCLE,,FORT MYERS,FL,33916,10,4,10511479,31-44-25-P3-01610.1011
1712,4219 BELLASOL CIRCLE,,FORT MYERS,FL,33916,17,2,10508184,31-44-25-P3-01417.1712
1513,4136 BELLASOL CIRCLE,,FORT MYERS,FL,33916,15,2,10505628,31-44-25-P3-01415.1513
1115,4109 BELLASOL CIRCLE,,FORT MYERS,FL,33916,11,1,10503629,31-44-25-P3-01311.1115
2224,4275 BELLASOL CIRCLE,,FORT MYERS,FL,33916,22,5,10517691,31-44-25-P3-01722.2224
2523,4293 BELLASOL CIRCLE,,FORT MYERS,FL,33916,25,6,10517110,31-44-25-P3-01825.2523
125,4117 BELLASOL CIRCLE,,FORT MYERS,FL,33916,1,1,10501872,31-44-25-P3-01301.0125
1126,4109 BELLASOL CIRCLE,,FORT MYERS,FL,33916,11,1,10503636,31-44-25-P3-01311.1126
1822,4233 BELLASOL CIRCLE,,FORT MYERS,FL,33916,18,5,10512611,31-44-25-P3-01718.1822
1612,4225 BELLASOL CIRCLE,,FORT MYERS,FL,33916,16,2,10505970,31-44-25-P3-01416.1612
3321,4312 BELLASOL CIRCLE,,FORT MYERS,FL,33916,33,7,10508325,31-44-25-P3-01333.3321
2123,4267 BELLASOL CIRCLE,,FORT MYERS,FL,33916,21,5,10516499,31-44-25-P3-01721.2123
2121,4267 BELLASOL CIRCLE,,FORT MYERS,FL,33916,21,5,10516497,31-44-25-P3-01721.2121
2414,4287 BELLASOL CIRCLE,,FORT MYERS,FL,33916,24,6,10517099,31-44-25-P3-01824.2414
325,4133 BELLASOL CIRCLE,,FORT MYERS,FL,33916,3,2,10502567,31-44-25-P3-01403.0325
514,4191 BELLASOL CIRCLE,,FORT MYERS,FL,33916,5,3,10511498,31-44-25-P3-01505.0514
3011,4330 BELLASOL CIRCLE,,FORT MYERS,FL,33916,30,7,10499632,31-44-25-P3-01330.3011
1116,4109 BELLASOL CIRCLE,,FORT MYERS,FL,33916,11,1,10503630,31-44-25-P3-01311.1116
1614,4225 BELLASOL CIRCLE,,FORT MYERS,FL,33916,16,2,10505972,31-44-25-P3-01416.1614
1122,4109 BELLASOL CIRCLE,,FORT MYERS,FL,33916,11,1,10503632,31-44-25-P3-01311.1122
2622,4299 BELLASOL CIRCLE,,FORT MYERS,FL,33916,26,6,10517117,31-44-25-P3-01826.2622
323,4133 BELLASOL CIRCLE,,FORT MYERS,FL,33916,3,2,10502565,31-44-25-P3-01403.0323
3022,4330 BELLASOL CIRCLE,,FORT MYERS,FL,33916,30,7,10499635,31-44-25-P3-01330.3022
113,4117 BELLASOL CIRCLE,,FORT MYERS,FL,33916,1,1,10501864,31-44-25-P3-01301.0113
1723,4219 BELLASOL CIRCLE,,FORT MYERS,FL,33916,17,2,10508189,31-44-25-P3-01417.1723
2623,4299 BELLASOL CIRCLE,,FORT MYERS,FL,33916,26,6,10517118,31-44-25-P3-01826.2623
1522,4136 BELLASOL CIRCLE,,FORT MYERS,FL,33916,15,2,10505631,31-44-25-P3-01415.1522
2422,4287 BELLASOL CIRCLE,,FORT MYERS,FL,33916,24,6,10517101,31-44-25-P3-01824.2422
1013,4236 BELLASOL CIRCLE,,FORT MYERS,FL,33916,10,4,10511481,31-44-25-P3-01610.1013
313,4133 BELLASOL CIRCLE,,FORT MYERS,FL,33916,3,2,10502559,31-44-25-P3-01403.0313
1323,4104 BELLASOL CIRCLE,,FORT MYERS,FL,33916,13,1,10499777,31-44-25-P3-01313.1323
1922,4241 BELLASOL CIRCLE,,FORT MYERS,FL,33916,19,5,10515075,31-44-25-P3-01719.1922
215,4125 BELLASOL CIRCLE,,FORT MYERS,FL,33916,2,2,10502549,31-44-25-P3-01402.0215
2222,4275 BELLASOL CIRCLE,,FORT MYERS,FL,33916,22,5,10517689,31-44-25-P3-01722.2222
2213,4275 BELLASOL CIRCLE,,FORT MYERS,FL,33916,22,5,10517686,31-44-25-P3-01722.2213
1625,4225 BELLASOL CIRCLE,,FORT MYERS,FL,33916,16,2,10505979,31-44-25-P3-01416.1625
326,4133 BELLASOL CIRCLE,,FORT MYERS,FL,33916,3,2,10502568,31-44-25-P3-01403.0326
1023,4236 BELLASOL CIRCLE,,FORT MYERS,FL,33916,10,4,10511485,31-44-25-P3-01610.1023
226,4125 BELLASOL CIRCLE,,FORT MYERS,FL,33916,2,2,10502556,31-44-25-P3-01402.0226
1512,4136 BELLASOL CIRCLE,,FORT MYERS,FL,33916,15,2,10505627,31-44-25-P3-01415.1512
1724,4219 BELLASOL CIRCLE,,FORT MYERS,FL,33916,17,2,10508190,31-44-25-P3-01417.1724
823,4214 BELLASOL CIRCLE,,FORT MYERS,FL,33916,8,4,10511467,31-44-25-P3-01608.0823
825,4214 BELLASOL CIRCLE,,FORT MYERS,FL,33916,8,4,10511469,31-44-25-P3-01608.0825
511,4191 BELLASOL CIRCLE,,FORT MYERS,FL,33916,5,3,10511495,31-44-25-P3-01505.0511
2223,4275 BELLASOL CIRCLE,,FORT MYERS,FL,33916,22,5,10517690,31-44-25-P3-01722.2223
912,4222 BELLASOL CIRCLE,,FORT MYERS,FL,33916,9,4,10511472,31-44-25-P3-01609.0912
1511,4136 BELLASOL CIRCLE,,FORT MYERS,FL,33916,15,2,10505626,31-44-25-P3-01415.1511
522,4191 BELLASOL CIRCLE,,FORT MYERS,FL,33916,5,3,10511500,31-44-25-P3-01505.0522
3121,4324 BELLASOL CIRCLE,,FORT MYERS,FL,33916,31,7,10499638,31-44-25-P3-01331.3121
2922,4336 BELLASOL CIRCLE,,FORT MYERS,FL,33916,29,7,10508318,31-44-25-P3-01329.2922
413,4141 BELLASOL CIRCLE,,FORT MYERS,FL,33916,4,3,10511489,31-44-25-P3-01504.0413
1421,4128 BELLASOL CIRCLE,,FORT MYERS,FL,33916,14,2,10505622,31-44-25-P3-01414.1421
1422,4128 BELLASOL CIRCLE,,FORT MYERS,FL,33916,14,2,10505623,31-44-25-P3-01414.1422
1111,4109 BELLASOL CIRCLE,,FORT MYERS,FL,33916,11,1,10503625,31-44-25-P3-01311.1111
3322,4312 BELLASOL CIRCLE,,FORT MYERS,FL,33916,33,7,10508326,31-44-25-P3-01333.3322
225,4125 BELLASOL CIRCLE,,FORT MYERS,FL,33916,2,2,10502555,31-44-25-P3-01402.0225
524,4191 BELLASOL CIRCLE,,FORT MYERS,FL,33916,5,3,10511502,31-44-25-P3-01505.0524
3221,4318 BELLASOL CIRCLE,,FORT MYERS,FL,33916,32,7,10508321,31-44-25-P3-01332.3221
321,4133 BELLASOL CIRCLE,,FORT MYERS,FL,33916,3,2,10502563,31-44-25-P3-01403.0321
624,4199 BELLASOL CIRCLE,,FORT MYERS,FL,33916,6,3,10517575,31-44-25-P3-01506.0624
3211,4318 BELLASOL CIRCLE,,FORT MYERS,FL,33916,32,7,10508319,31-44-25-P3-01332.3211
2322,4281 BELLASOL CIRCLE,,FORT MYERS,FL,33916,23,6,10517093,31-44-25-P3-01823.2322
1812,4233 BELLASOL CIRCLE,,FORT MYERS,FL,33916,18,5,10512607,31-44-25-P3-01718.1812
2324,4281 BELLASOL CIRCLE,,FORT MYERS,FL,33916,23,6,10517095,31-44-25-P3-01823.2324
411,4141 BELLASOL CIRCLE,,FORT MYERS,FL,33916,4,3,10511487,31-44-25-P3-01504.0411
1524,4136 BELLASOL CIRCLE,,FORT MYERS,FL,33916,15,2,10505633,31-44-25-P3-01415.1524
3021,4330 BELLASOL CIRCLE,,FORT MYERS,FL,33916,30,7,10499634,31-44-25-P3-01330.3021
221,4125 BELLASOL CIRCLE,,FORT MYERS,FL,33916,2,2,10502551,31-44-25-P3-01402.0221
1112,4109 BELLASOL CIRCLE,,FORT MYERS,FL,33916,11,1,10503626,31-44-25-P3-01311.1112
2214,4275 BELLASOL CIRCLE,,FORT MYERS,FL,33916,22,5,10517687,31-44-25-P3-01722.2214
1412,4128 BELLASOL CIRCLE,,FORT MYERS,FL,33916,14,2,10505619,31-44-25-P3-01414.1412
722,4206 BELLASOL CIRCLE,,FORT MYERS,FL,33916,7,4,10511456,31-44-25-P3-01607.0722
914,4222 BELLASOL CIRCLE,,FORT MYERS,FL,33916,9,4,10511474,31-44-25-P3-01609.0914
1123,4109 BELLASOL CIRCLE,,FORT MYERS,FL,33916,11,1,10503633,31-44-25-P3-01311.1123
2621,4299 BELLASOL CIRCLE,,FORT MYERS,FL,33916,26,6,10517116,31-44-25-P3-01826.2621
3222,4318 BELLASOL CIRCLE,,FORT MYERS,FL,33916,32,7,10508322,31-44-25-P3-01332.3222
2812,4315 BELLASOL CIRCLE,,FORT MYERS,FL,33916,28,7,10499629,31-44-25-P3-01328.2812
1024,4236 BELLASOL CIRCLE,,FORT MYERS,FL,33916,10,4,10511486,31-44-25-P3-01610.1024
2522,4293 BELLASOL CIRCLE,,FORT MYERS,FL,33916,25,6,10517109,31-44-25-P3-01825.2522
2511,4293 BELLASOL CIRCLE,,FORT MYERS,FL,33916,25,6,10517104,31-44-25-P3-01825.2511
713,4206 BELLASOL CIRCLE,,FORT MYERS,FL,33916,7,4,10511453,31-44-25-P3-01607.0713
212,4125 BELLASOL CIRCLE,,FORT MYERS,FL,33916,2,2,10502546,31-44-25-P3-01402.0212
913,4222 BELLASOL CIRCLE,,FORT MYERS,FL,33916,9,4,10511473,31-44-25-P3-01609.0913
312,4133 BELLASOL CIRCLE,,FORT MYERS,FL,33916,3,2,10502558,31-44-25-P3-01403.0312
2822,4315 BELLASOL CIRCLE,,FORT MYERS,FL,33916,28,7,10499631,31-44-25-P3-01328.2822
2912,4336 BELLASOL CIRCLE,,FORT MYERS,FL,33916,29,7,10508316,31-44-25-P3-01329.2912
2821,4315 BELLASOL CIRCLE,,FORT MYERS,FL,33916,28,7,10499630,31-44-25-P3-01328.2821
2323,4281 BELLASOL CIRCLE,,FORT MYERS,FL,33916,23,6,10517094,31-44-25-P3-01823.2323
2911,4336 BELLASOL CIRCLE,,FORT MYERS,FL,33916,29,7,10508315,31-44-25-P3-01329.2911
523,4191 BELLASOL CIRCLE,,FORT MYERS,FL,33916,5,3,10511501,31-44-25-P3-01505.0523
3312,4312 BELLASOL CIRCLE,,FORT MYERS,FL,33916,33,7,10508324,31-44-25-P3-01333.3312
1311,4104 BELLASOL CIRCLE,,FORT MYERS,FL,33916,13,1,10499771,31-44-25-P3-01313.1311
2321,4281 BELLASOL CIRCLE,,FORT MYERS,FL,33916,23,6,10517092,31-44-25-P3-01823.2321
1713,4219 BELLASOL CIRCLE,,FORT MYERS,FL,33916,17,2,10508185,31-44-25-P3-01417.1713
3112,4324 BELLASOL CIRCLE,,FORT MYERS,FL,33916,31,7,10499637,31-44-25-P3-01331.3112
1912,4241 BELLASOL CIRCLE,,FORT MYERS,FL,33916,19,5,10515071,31-44-25-P3-01719.1912
1624,4225 BELLASOL CIRCLE,,FORT MYERS,FL,33916,16,2,10505978,31-44-25-P3-01416.1624
723,4206 BELLASOL CIRCLE,,FORT MYERS,FL,33916,7,4,10511457,31-44-25-P3-01607.0723
1921,4241 BELLASOL CIRCLE,,FORT MYERS,FL,33916,19,5,10515074,31-44-25-P3-01719.1921
521,4191 BELLASOL CIRCLE,,FORT MYERS,FL,33916,5,3,10511499,31-44-25-P3-01505.0521
115,4117 BELLASOL CIRCLE,,FORT MYERS,FL,33916,1,1,10501866,31-44-25-P3-01301.0115
2112,4267 BELLASOL CIRCLE,,FORT MYERS,FL,33916,21,5,10516494,31-44-25-P3-01721.2112
216,4125 BELLASOL CIRCLE,,FORT MYERS,FL,33916,2,2,10502550,31-44-25-P3-01402.0216
2424,4287 BELLASOL CIRCLE,,FORT MYERS,FL,33916,24,6,10517103,31-44-25-P3-01824.2424
315,4133 BELLASOL CIRCLE,,FORT MYERS,FL,33916,3,2,10502561,31-44-25-P3-01403.0315
423,4141 BELLASOL CIRCLE,,FORT MYERS,FL,33916,4,3,10511493,31-44-25-P3-01504.0423
1012,4236 BELLASOL CIRCLE,,FORT MYERS,FL,33916,10,4,10511480,31-44-25-P3-01610.1012
1813,4233 BELLASOL CIRCLE,,FORT MYERS,FL,33916,18,5,10512608,31-44-25-P3-01718.1813
124,4117 BELLASOL CIRCLE,,FORT MYERS,FL,33916,1,1,10501871,31-44-25-P3-01301.0124
1221,4101 BELLASOL CIRCLE,,FORT MYERS,FL,33916,12,1,10499767,31-44-25-P3-01312.1221
724,4206 BELLASOL CIRCLE,,FORT MYERS,FL,33916,7,4,10511458,31-44-25-P3-01607.0724
1014,4236 BELLASOL CIRCLE,,FORT MYERS,FL,33916,10,4,10511482,31-44-25-P3-01610.1014
1514,4136 BELLASOL CIRCLE,,FORT MYERS,FL,33916,15,2,10505629,31-44-25-P3-01415.1514
316,4133 BELLASOL CIRCLE,,FORT MYERS,FL,33916,3,2,10502562,31-44-25-P3-01403.0316
2023,4259 BELLASOL CIRCLE,,FORT MYERS,FL,33916,20,5,10515084,31-44-25-P3-01720.2023
2124,4267 BELLASOL CIRCLE,,FORT MYERS,FL,33916,21,5,10516500,31-44-25-P3-01721.2124
2524,4293 BELLASOL CIRCLE,,FORT MYERS,FL,33916,25,6,10517111,31-44-25-P3-01825.2524
714,4206 BELLASOL CIRCLE,,FORT MYERS,FL,33916,7,4,10511454,31-44-25-P3-01607.0714
1623,4225 BELLASOL CIRCLE,,FORT MYERS,FL,33916,16,2,10505977,31-44-25-P3-01416.1623
623,4199 BELLASOL CIRCLE,,FORT MYERS,FL,33916,6,3,10517574,31-44-25-P3-01506.0623
1324,4104 BELLASOL CIRCLE,,FORT MYERS,FL,33916,13,1,10499778,31-44-25-P3-01313.1324
3412,4306 BELLASOL CIRCLE,,FORT MYERS,FL,33916,34,7,10508328,31-44-25-P3-01334.3412
622,4199 BELLASOL CIRCLE,,FORT MYERS,FL,33916,6,3,10517573,31-44-25-P3-01506.0622
1711,4219 BELLASOL CIRCLE,,FORT MYERS,FL,33916,17,2,10508183,31-44-25-P3-01417.1711
1124,4109 BELLASOL CIRCLE,,FORT MYERS,FL,33916,11,1,10503634,31-44-25-P3-01311.1124
513,4191 BELLASOL CIRCLE,,FORT MYERS,FL,33916,5,3,10511497,31-44-25-P3-01505.0513
