Unit,SaleAmount,Date
111,210000,2024-10-04
111,118000,2019-02-22
111,10,2016-01-07
111,100,2012-08-02
111,35300,2009-03-02
111,100,2008-10-06
111,186000,2006-12-07
111,159900,2005-03-18
111,109900,2005-03-18
111,100,2004-11-05
111,100,2004-11-05
111,1855000,2003-07-01
111,100,2002-07-11
111,100,2000-12-21
111,100,1989-11-07
111,100,1989-11-05
112,58000,2012-06-22
112,42500,2010-06-23
112,100,2010-02-16
112,100,2010-01-11
112,100,2007-02-14
112,107900,2005-03-23
112,100,2004-11-05
112,100,2004-11-05
112,1855000,2003-07-01
112,100,2002-07-11
112,100,2000-12-21
112,100,1989-11-07
112,100,1989-11-05
113,129750,2020-06-26
113,45000,2010-08-30
113,0,2010-06-04
113,220000,2006-01-05
113,55200,2006-01-05
113,107900,2005-04-14
113,118000,2005-03-21
113,100,2004-11-05
113,100,2004-11-05
113,1855000,2003-07-01
113,100,2002-07-11
113,100,2000-12-21
113,100,1989-11-07
113,100,1989-11-05
114,10,2022-08-25
114,65000,2013-11-14
114,39000,2011-05-24
114,107900,2005-03-25
114,100,2004-11-05
114,100,2004-11-05
114,1855000,2003-07-01
114,100,2002-07-11
114,100,2000-12-21
114,100,1989-11-07
114,100,1989-11-05
115,70000,2013-09-06
115,40000,2009-05-29
115,35100,2009-03-31
115,100,2008-11-12
115,107900,2005-03-23
115,100,2004-11-05
115,100,2004-11-05
115,1855000,2003-07-01
115,100,2002-07-11
115,100,2000-12-21
115,100,1989-11-07
115,100,1989-11-05
116,54000,2012-05-04
116,10,2012-03-30
116,100,2009-10-09
116,51000,2009-06-18
116,100,2009-05-07
116,215000,2006-06-29
116,109900,2005-03-18
116,149900,2005-03-16
116,100,2004-11-05
116,100,2004-11-05
116,1855000,2003-07-01
116,100,2002-07-11
116,100,2000-12-21
116,100,1989-11-07
116,100,1989-11-05
121,101500,2016-08-29
121,44000,2009-02-12
121,100,2008-08-12
121,197500,2005-09-07
121,109900,2005-03-17
121,154000,2005-03-15
121,100,2004-11-05
121,100,2004-11-05
121,1855000,2003-07-01
121,100,2002-07-11
121,100,2000-12-21
121,100,1989-11-07
121,100,1989-11-05
122,228000,2024-08-19
122,169900,2005-05-13
122,103900,2005-03-21
122,100,2004-11-05
122,100,2004-11-05
122,1855000,2003-07-01
122,100,2002-07-11
122,100,2000-12-21
122,100,1989-11-07
122,100,1989-11-05
123,55000,2009-09-14
123,29100,2009-07-15
123,200000,2005-08-05
123,139000,2005-03-16
123,103900,2005-03-16
123,100,2004-11-05
123,100,2004-11-05
123,1855000,2003-07-01
123,100,2002-07-11
123,100,2000-12-21
123,100,1989-11-07
123,100,1989-11-05
124,225000,2022-10-28
124,43900,2010-05-14
124,0,2010-03-09
124,103900,2005-03-18
124,100,2004-11-05
124,100,2004-11-05
124,1855000,2003-07-01
124,100,2002-07-11
124,100,2000-12-21
124,100,1989-11-07
124,100,1989-11-05
125,175000,2025-07-18
125,180000,2022-01-03
125,62000,2012-08-09
125,40000,2009-08-28
125,100,2009-06-17
125,103900,2005-03-16
125,100,2004-11-05
125,100,2004-11-05
125,1855000,2003-07-01
125,100,2002-07-11
125,100,2000-12-21
125,100,1989-11-07
125,100,1989-11-05
126,124500,2020-07-01
126,10,2014-09-09
126,72000,2014-08-08
126,300,2014-03-25
126,149500,2005-03-17
126,105900,2005-03-17
126,100,2004-11-05
126,100,2004-11-05
126,1855000,2003-07-01
126,100,2002-07-11
126,100,2000-12-21
126,100,1989-11-07
126,100,1989-11-05
211,112900,2005-03-25
211,1855000,2003-07-01
211,100,2002-07-11
211,100,2000-12-21
211,100,1989-11-07
211,100,1989-11-05
212,71000,2013-04-16
212,64900,2012-07-13
212,45100,2010-03-10
212,100,2010-02-23
212,177700,2005-05-19
212,116900,2005-03-23
212,1855000,2003-07-01
212,100,2002-07-11
212,100,2000-12-21
212,100,1989-11-07
212,100,1989-11-05
213,55000,2012-05-30
213,23400,2012-02-03
213,170000,2005-04-26
213,110900,2005-03-28
213,1855000,2003-07-01
213,100,2002-07-11
213,100,2000-12-21
213,100,1989-11-07
213,100,1989-11-05
214,100,2011-10-31
214,52000,2011-06-06
214,100,2006-01-13
214,112900,2005-03-25
214,1855000,2003-07-01
214,100,2002-07-11
214,100,2000-12-21
214,100,1989-11-07
214,100,1989-11-05
215,10,2025-10-22
215,0,2025-09-10
215,112900,2005-04-26
215,1855000,2003-07-01
215,100,2002-07-11
215,100,2000-12-21
215,100,1989-11-07
215,100,1989-11-05
216,20,2016-05-10
216,35000,2009-04-02
216,100,2009-01-27
216,185000,2006-10-31
216,100,2006-04-08
216,114900,2005-04-21
216,1855000,2003-07-01
216,100,2002-07-11
216,100,2000-12-21
216,100,1989-11-07
216,100,1989-11-05
221,108900,2005-03-25
221,1855000,2003-07-01
221,100,2002-07-11
221,100,2000-12-21
221,100,1989-11-07
221,100,1989-11-05
222,10,2017-05-09
222,42500,2010-03-29
222,100,2008-10-21
222,189000,2006-10-31
222,116900,2005-03-31
222,1855000,2003-07-01
222,100,2002-07-11
222,100,2000-12-21
222,100,1989-11-07
222,100,1989-11-05
223,108500,2016-11-07
223,142500,2005-04-01
223,106900,2005-03-31
223,1855000,2003-07-01
223,100,2002-07-11
223,100,2000-12-21
223,100,1989-11-07
223,100,1989-11-05
224,37000,2009-06-19
224,100,2009-02-13
224,210000,2005-09-30
224,106900,2005-03-24
224,1855000,2003-07-01
224,100,2002-07-11
224,100,2000-12-21
224,100,1989-11-07
224,100,1989-11-05
225,50000,2011-01-25
225,30400,2010-08-17
225,180200,2005-05-18
225,108900,2005-03-28
225,1855000,2003-07-01
225,100,2002-07-11
225,100,2000-12-21
225,100,1989-11-07
225,100,1989-11-05
226,230000,2022-05-25
226,180000,2021-11-09
226,108900,2005-03-31
226,1855000,2003-07-01
226,100,2002-07-11
226,100,2000-12-21
226,100,1989-11-07
226,100,1989-11-05
311,233000,2023-11-03
311,201000,2022-02-23
311,0,2020-02-25
311,124900,2017-11-15
311,10,2016-03-10
311,0,2011-09-14
311,64000,2011-05-26
311,33000,2010-05-07
311,100,2007-12-14
311,118900,2005-04-14
311,1855000,2003-07-01
311,100,2002-07-11
311,100,2000-12-21
311,100,1989-11-07
311,100,1989-11-05
312,30647,2022-07-25
312,108000,2017-06-05
312,110900,2005-04-13
312,1855000,2003-07-01
312,100,2002-07-11
312,100,2000-12-21
312,100,1989-11-07
312,100,1989-11-05
313,40000,2011-09-27
313,110900,2005-04-20
313,1855000,2003-07-01
313,100,2002-07-11
313,100,2000-12-21
313,100,1989-11-07
313,100,1989-11-05
314,37300,2009-07-20
314,110900,2005-04-14
314,1855000,2003-07-01
314,100,2002-07-11
314,100,2000-12-21
314,100,1989-11-07
314,100,1989-11-05
315,237000,2023-07-31
315,68000,2013-05-20
315,44500,2009-02-12
315,100,2008-07-21
315,46500,2006-09-18
315,127900,2005-04-27
315,1855000,2003-07-01
315,100,2002-07-11
315,100,2000-12-21
315,100,1989-11-07
315,100,1989-11-05
316,105000,2016-10-07
316,100,2006-08-25
316,112900,2005-04-21
316,1855000,2003-07-01
316,100,2002-07-11
316,100,2000-12-21
316,100,1989-11-07
316,100,1989-11-05
321,66000,2014-01-03
321,54000,2010-07-19
321,30100,2010-03-26
321,108900,2005-04-08
321,1855000,2003-07-01
321,100,2002-07-11
321,100,2000-12-21
321,100,1989-11-07
321,100,1989-11-05
322,110000,2025-11-13
322,112900,2005-04-28
322,1855000,2003-07-01
322,100,2002-07-11
322,100,2000-12-21
322,100,1989-11-07
322,100,1989-11-05
323,0,2022-03-25
323,42500,2010-10-22
323,0,2010-07-28
323,37300,2010-03-26
323,100,2009-06-11
323,0,2009-06-11
323,100,2009-06-11
323,190000,2006-07-27
323,108900,2005-04-15
323,1855000,2003-07-01
323,100,2002-07-11
323,100,2000-12-21
323,100,1989-11-07
323,100,1989-11-05
324,100,2011-12-12
324,44000,2010-10-19
324,200,2010-09-03
324,100,2010-05-17
324,149400,2007-06-01
324,100,2006-01-10
324,108900,2005-04-19
324,1855000,2003-07-01
324,100,2002-07-11
324,100,2000-12-21
324,100,1989-11-07
324,100,1989-11-05
325,115000,2019-02-28
325,45000,2010-08-17
325,100,2010-04-23
325,100,2010-03-17
325,169900,2005-05-10
325,112900,2005-05-05
325,1855000,2003-07-01
325,100,2002-07-11
325,100,2000-12-21
325,100,1989-11-07
325,100,1989-11-05
326,236000,2023-05-01
326,112900,2017-08-07
326,10,2017-07-28
326,10,2016-02-24
326,100,2006-02-07
326,108900,2005-04-20
326,1855000,2003-07-01
326,100,2002-07-11
326,100,2000-12-21
326,100,1989-11-07
326,100,1989-11-05
411,10,2017-11-22
411,1,2015-06-26
411,117900,2005-10-30
411,1855000,2003-07-01
411,100,2002-07-11
411,100,2000-12-21
411,100,1989-11-07
411,100,1989-11-05
412,123500,2016-09-02
412,45000,2015-09-01
412,37000,2009-02-14
412,100,2009-02-10
412,100,2008-12-22
412,119900,2005-10-07
412,211900,2005-10-03
412,1855000,2003-07-01
412,100,2002-07-11
412,100,2000-12-21
412,100,1989-11-07
412,100,1989-11-05
413,252000,2023-04-20
413,10,2014-04-24
413,100,2011-11-04
413,0,2011-05-10
413,110000,2007-09-28
413,116900,2005-10-04
413,1855000,2003-07-01
413,100,2002-07-11
413,100,2000-12-21
413,100,1989-11-07
413,100,1989-11-05
414,0,2024-06-19
414,0,2018-07-27
414,0,2018-07-22
414,112900,2018-07-22
414,10,2016-10-11
414,34100,2011-01-04
414,23600,2010-05-25
414,0,2010-05-18
414,179000,2006-12-28
414,100,2006-03-27
414,118900,2005-10-04
414,1855000,2003-07-01
414,100,2002-07-11
414,100,2000-12-21
414,100,1989-11-07
414,100,1989-11-05
421,52500,2009-12-11
421,100,2008-11-14
421,114900,2005-10-04
421,1855000,2003-07-01
421,100,2002-07-11
421,100,2000-12-21
421,100,1989-11-07
421,100,1989-11-05
422,112000,2015-08-28
422,0,2015-08-12
422,214200,2005-10-10
422,115900,2005-10-10
422,1855000,2003-07-01
422,100,2002-07-11
422,100,2000-12-21
422,100,1989-11-07
422,100,1989-11-05
423,10,2022-02-08
423,70050,2014-07-25
423,100,2014-07-08
423,100,2014-07-08
423,100,2014-05-13
423,100,2014-05-03
423,0,2014-04-28
423,100,2014-04-25
423,100,2014-04-25
423,100,2014-04-25
423,100,2014-04-14
423,100,2014-04-12
423,100,2014-04-04
423,0,2014-04-04
423,46000,2009-01-20
423,100,2008-11-05
423,115900,2005-10-04
423,1855000,2003-07-01
423,100,2002-07-11
423,100,2000-12-21
423,100,1989-11-07
423,100,1989-11-05
424,100000,2017-02-13
424,36800,2011-07-29
424,91100,2008-09-23
424,114900,2005-10-07
424,1855000,2003-07-01
424,100,2002-07-11
424,100,2000-12-21
424,100,1989-11-07
424,100,1989-11-05
511,135000,2020-07-10
511,0,2017-12-29
511,117000,2017-12-29
511,105000,2017-04-27
511,67000,2014-02-13
511,12600,2013-12-17
511,118900,2005-10-07
511,206200,2005-10-05
511,1855000,2003-07-01
511,100,2002-07-11
511,100,2000-12-21
511,100,1989-11-07
511,100,1989-11-05
512,65500,2014-05-02
512,100,2010-03-09
512,40000,2009-10-28
512,100,2009-08-11
512,186500,2006-09-01
512,116900,2005-10-06
512,1855000,2003-07-01
512,100,2002-07-11
512,100,2000-12-21
512,100,1989-11-07
512,100,1989-11-05
513,55000,2018-12-15
513,68000,2013-10-11
513,130900,2005-10-04
513,1855000,2003-07-01
513,100,2002-07-11
513,100,2000-12-21
513,100,1989-11-07
513,100,1989-11-05
514,126000,2018-12-31
514,114000,2015-08-10
514,42900,2012-01-25
514,0,2011-06-21
514,217000,2005-12-30
514,118900,2005-10-14
514,1855000,2003-07-01
514,100,2002-07-11
514,100,2000-12-21
514,100,1989-11-07
514,100,1989-11-05
521,235000,2005-11-18
521,128900,2005-10-06
521,1855000,2003-07-01
521,100,2002-07-11
521,100,2000-12-21
521,100,1989-11-07
521,100,1989-11-05
522,232000,2023-05-10
522,154900,2005-10-10
522,112900,2005-10-10
522,1855000,2003-07-01
522,100,2002-07-11
522,100,2000-12-21
522,100,1989-11-07
522,100,1989-11-05
524,230000,2022-07-15
524,172000,2021-07-23
524,57409,2013-03-18
524,33400,2013-01-25
524,235000,2006-02-01
524,114900,2005-10-05
524,1855000,2003-07-01
524,100,2002-07-11
524,100,2000-12-21
524,100,1989-11-07
524,100,1989-11-05
611,145000,2021-07-30
611,0,2021-03-24
611,10,2013-12-04
611,100,2006-03-28
611,123900,2005-10-07
611,1855000,2003-07-01
611,100,2002-07-11
611,100,2000-12-21
611,100,1989-11-07
611,100,1989-11-05
612,48200,2010-09-17
612,28000,2010-05-25
612,100,2007-08-20
612,121900,2005-10-11
612,1855000,2003-07-01
612,100,2002-07-11
612,100,2000-12-21
612,100,1989-11-07
612,100,1989-11-05
613,141500,2020-08-04
613,75000,2018-03-28
613,1200,2016-02-09
613,224000,2006-07-10
613,100000,2006-01-31
613,100,2005-10-17
613,124900,2005-10-17
613,1855000,2003-07-01
613,100,2002-07-11
613,100,2000-12-21
613,100,1989-11-07
613,100,1989-11-05
614,10,2024-05-13
614,0,2018-05-03
614,0,2018-05-03
614,142900,2005-10-14
614,1855000,2003-07-01
614,100,2002-07-11
614,100,2000-12-21
614,100,1989-11-07
614,100,1989-11-05
621,103500,2016-11-09
621,100,2008-07-10
621,119900,2005-10-27
621,1855000,2003-07-01
621,100,2002-07-11
621,100,2000-12-21
621,100,1989-11-07
621,100,1989-11-05
622,136000,2019-05-03
622,125000,2019-02-08
622,77000,2014-10-23
622,100,2014-04-18
622,100,2007-08-20
622,117900,2005-10-11
622,1855000,2003-07-01
622,100,2002-07-11
622,100,2000-12-21
622,100,1989-11-07
622,100,1989-11-05
623,237000,2023-03-13
623,125000,2020-07-22
623,110000,2017-07-31
623,100,2008-07-10
623,117900,2005-10-27
623,1855000,2003-07-01
623,100,2002-07-11
623,100,2000-12-21
623,100,1989-11-07
623,100,1989-11-05
624,10,2024-02-06
624,138900,2005-10-17
624,1855000,2003-07-01
624,100,2002-07-11
624,100,2000-12-21
624,100,1989-11-07
624,100,1989-11-05
711,49000,2009-03-30
711,126000,2007-11-09
711,123900,2005-10-21
711,1855000,2003-07-01
711,100,2002-07-11
711,100,2000-12-21
711,100,1989-11-07
711,100,1989-11-05
712,50000,2009-10-27
712,26700,2009-08-17
712,124900,2005-11-14
712,1855000,2003-07-01
712,100,2002-07-11
712,100,2000-12-21
712,100,1989-11-07
712,100,1989-11-05
713,138000,2020-08-21
713,119000,2017-06-05
713,111750,2015-11-20
713,50000,2010-04-16
713,40100,2009-10-09
713,100,2009-08-28
713,124900,2005-11-10
713,1855000,2003-07-01
713,100,2002-07-11
713,100,2000-12-21
713,100,1989-11-07
713,100,1989-11-05
714,82500,2014-04-10
714,30000,2011-02-08
714,44000,2010-01-12
714,100,2009-05-13
714,235000,2005-11-16
714,123900,2005-10-21
714,1855000,2003-07-01
714,100,2002-07-11
714,100,2000-12-21
714,100,1989-11-07
714,100,1989-11-05
721,1,2021-01-29
721,122900,2005-10-14
721,1855000,2003-07-01
721,100,2002-07-11
721,100,2000-12-21
721,100,1989-11-07
721,100,1989-11-05
722,0,2009-09-11
722,192500,2006-08-11
722,117900,2005-10-17
722,1855000,2003-07-01
722,100,2002-07-11
722,100,2000-12-21
722,100,1989-11-07
722,100,1989-11-05
723,239000,2022-08-25
723,0,2022-04-25
723,95000,2015-11-06
723,88000,2015-02-23
723,0,2014-10-06
723,82000,2014-05-27
723,43000,2011-01-12
723,0,2010-12-10
723,43000,2010-03-08
723,117900,2005-10-21
723,1855000,2003-07-01
723,100,2002-07-11
723,100,2000-12-21
723,100,1989-11-07
723,100,1989-11-05
724,134000,2019-10-18
724,122900,2005-11-08
724,1855000,2003-07-01
724,100,2002-07-11
724,100,2000-12-21
724,100,1989-11-07
724,100,1989-11-05
811,128500,2016-12-07
811,85300,2015-12-23
811,10,2015-02-24
811,55500,2015-02-10
811,232900,2005-09-16
811,126900,2005-08-23
811,1855000,2003-07-01
811,100,2002-07-11
811,100,2000-12-21
811,100,1989-11-07
811,100,1989-11-05
812,120000,2020-08-03
812,104800,2017-01-27
812,6100,2014-02-14
812,170000,2007-02-23
812,127900,2005-08-23
812,1855000,2003-07-01
812,100,2002-07-11
812,100,2000-12-21
812,100,1989-11-07
812,100,1989-11-05
813,10,2025-08-08
813,0,2024-03-25
813,0,2024-02-22
813,135000,2021-05-13
813,0,2018-09-18
813,85000,2015-09-24
813,10,2014-06-18
813,10,2014-05-23
813,20100,2014-05-02
813,0,2012-08-12
813,209900,2005-09-01
813,124900,2005-08-23
813,1855000,2003-07-01
813,100,2002-07-11
813,100,2000-12-21
813,100,1989-11-07
813,100,1989-11-05
814,184900,2022-02-25
814,0,2017-02-23
814,127900,2005-08-23
814,1855000,2003-07-01
814,100,2002-07-11
814,100,2000-12-21
814,100,1989-11-07
814,100,1989-11-05
815,10,2022-05-11
815,133000,2021-04-16
815,127900,2005-08-23
815,1855000,2003-07-01
815,100,2002-07-11
815,100,2000-12-21
815,100,1989-11-07
815,100,1989-11-05
816,130000,2018-02-15
816,79900,2014-04-15
816,45000,2010-05-07
816,100,2009-10-06
816,100,2009-09-16
816,142900,2005-08-24
816,1855000,2003-07-01
816,100,2002-07-11
816,100,2000-12-21
816,100,1989-11-07
816,100,1989-11-05
821,40000,2009-11-30
821,100,2009-06-18
821,100,2009-06-10
821,180300,2006-12-28
821,138900,2005-08-23
821,1855000,2003-07-01
821,100,2002-07-11
821,100,2000-12-21
821,100,1989-11-07
821,100,1989-11-05
822,242000,2023-05-03
822,124000,2017-12-06
822,84000,2014-08-28
822,48400,2010-03-08
822,100,2006-02-27
822,213000,2006-02-27
822,120900,2005-08-23
822,1855000,2003-07-01
822,100,2002-07-11
822,100,2000-12-21
822,100,1989-11-07
822,100,1989-11-05
823,1,2022-10-11
823,45000,2010-09-30
823,41100,2010-05-18
823,0,2009-10-05
823,123900,2005-11-30
823,1855000,2003-07-01
823,100,2002-07-11
823,100,2000-12-21
823,100,1989-11-07
823,100,1989-11-05
824,58000,2012-03-30
824,100,2009-06-28
824,100,2009-06-05
824,44100,2009-05-22
824,100,2009-05-18
824,100,2008-05-30
824,123900,2005-11-30
824,1855000,2003-07-01
824,100,2002-07-11
824,100,2000-12-21
824,100,1989-11-07
824,100,1989-11-05
825,180000,2021-12-09
825,150000,2021-06-23
825,136900,2005-09-12
825,1855000,2003-07-01
825,100,2002-07-11
825,100,2000-12-21
825,100,1989-11-07
825,100,1989-11-05
826,124500,2017-11-01
826,105000,2016-09-12
826,75000,2008-10-03
826,100,2008-02-01
826,224900,2005-11-18
826,122900,2005-08-23
826,1855000,2003-07-01
826,100,2002-07-11
826,100,2000-12-21
826,100,1989-11-07
826,100,1989-11-05
911,129900,2005-08-31
911,1855000,2003-07-01
911,100,2002-07-11
911,100,2000-12-21
911,100,1989-11-07
911,100,1989-11-05
912,220000,2006-02-24
912,1855000,2003-07-01
912,100,2002-07-11
912,100,2000-12-21
912,100,1989-11-07
912,100,1989-11-05
913,10,2022-02-22
913,108500,2016-08-25
913,59000,2013-02-15
913,210000,2006-02-22
913,1855000,2003-07-01
913,100,2002-07-11
913,100,2000-12-21
913,100,1989-11-07
913,100,1989-11-05
914,90790,2024-06-13
914,62000,2012-05-18
914,49900,2010-08-17
914,79900,2010-04-27
914,215000,2006-04-21
914,129900,2005-08-31
914,1855000,2003-07-01
914,100,2002-07-11
914,100,2000-12-21
914,100,1989-11-07
914,100,1989-11-05
921,204000,2025-04-11
921,138900,2005-08-31
921,1855000,2003-07-01
921,100,2002-07-11
921,100,2000-12-21
921,100,1989-11-07
921,100,1989-11-05
922,74900,2013-02-25
922,225000,2005-09-29
922,123900,2005-09-01
922,1855000,2003-07-01
922,100,2002-07-11
922,100,2000-12-21
922,100,1989-11-07
922,100,1989-11-05
923,125000,2018-11-05
923,60000,2013-07-10
923,107100,2011-11-16
923,142000,2007-07-23
923,123900,2005-08-31
923,1855000,2003-07-01
923,100,2002-07-11
923,100,2000-12-21
923,100,1989-11-07
923,100,1989-11-05
924,125000,2019-03-01
924,0,2016-11-16
924,113000,2015-03-03
924,43500,2009-03-13
924,125900,2005-09-07
924,1855000,2003-07-01
924,100,2002-07-11
924,100,2000-12-21
924,100,1989-11-07
924,100,1989-11-05
1011,199900,2005-09-12
1011,132900,2005-09-12
1011,1855000,2003-07-01
1011,100,2002-07-11
1011,100,2000-12-21
1011,100,1989-11-07
1011,100,1989-11-05
1012,130900,2005-09-12
1012,1855000,2003-07-01
1012,100,2002-07-11
1012,100,2000-12-21
1012,100,1989-11-07
1012,100,1989-11-05
1013,132000,2020-11-17
1013,125000,2020-01-02
1013,90000,2016-03-04
1013,100,2012-09-17
1013,100,2012-09-17
1013,122900,2005-09-12
1013,1855000,2003-07-01
1013,100,2002-07-11
1013,100,2000-12-21
1013,100,1989-11-07
1013,100,1989-11-05
1014,229000,2025-01-31
1014,10,2024-09-10
1014,199999,2022-04-01
1014,116000,2018-09-27
1014,94500,2015-08-11
1014,42000,2010-05-20
1014,100,2010-01-11
1014,100,2005-10-31
1014,214000,2005-10-31
1014,125900,2005-09-12
1014,1855000,2003-07-01
1014,100,2002-07-11
1014,100,2000-12-21
1014,100,1989-11-07
1014,100,1989-11-05
1021,68000,2011-03-10
1021,128900,2005-09-15
1021,1855000,2003-07-01
1021,100,2002-07-11
1021,100,2000-12-21
1021,100,1989-11-07
1021,100,1989-11-05
1022,49000,2010-09-30
1022,37900,2009-07-02
1022,100,2009-05-06
1022,172000,2005-09-16
1022,115900,2005-09-16
1022,1855000,2003-07-01
1022,100,2002-07-11
1022,100,2000-12-21
1022,100,1989-11-07
1022,100,1989-11-05
1023,10,2014-07-10
1023,45000,2010-11-05
1023,100,2010-10-08
1023,185000,2005-09-12
1023,115900,2005-09-09
1023,1855000,2003-07-01
1023,100,2002-07-11
1023,100,2000-12-21
1023,100,1989-11-07
1023,100,1989-11-05
1024,145000,2021-05-12
1024,116900,2017-06-27
1024,116500,2016-03-07
1024,117900,2005-09-14
1024,1855000,2003-07-01
1024,100,2002-07-11
1024,100,2000-12-21
1024,100,1989-11-07
1024,100,1989-11-05
1111,74900,2014-06-10
1111,43000,2009-04-07
1111,100,2009-04-07
1111,100,2009-02-23
1111,129900,2005-04-28
1111,100,2004-11-05
1111,100,2004-11-05
1111,1855000,2003-07-01
1111,100,2002-07-11
1111,100,2000-12-21
1111,100,1989-11-07
1111,100,1989-11-05
1112,10,2024-03-19
1112,121000,2017-06-06
1112,75000,2013-11-06
1112,0,2009-12-30
1112,106900,2005-04-26
1112,100,2004-11-05
1112,100,2004-11-05
1112,1855000,2003-07-01
1112,100,2002-07-11
1112,100,2000-12-21
1112,100,1989-11-07
1112,100,1989-11-05
1113,0,2019-07-03
1113,0,2019-07-03
1113,10,2012-01-19
1113,47500,2012-01-19
1113,100,2011-12-05
1113,100,2011-11-15
1113,149900,2005-04-25
1113,106900,2005-04-25
1113,100,2004-11-05
1113,100,2004-11-05
1113,1855000,2003-07-01
1113,100,2002-07-11
1113,100,2000-12-21
1113,100,1989-11-07
1113,100,1989-11-05
1114,0,2019-04-17
1114,44000,2019-03-04
1114,1,2018-10-19
1114,95394,2016-12-08
1114,82900,2016-09-07
1114,152000,2005-04-27
1114,106900,2005-04-27
1114,100,2004-11-05
1114,100,2004-11-05
1114,1855000,2003-07-01
1114,100,2002-07-11
1114,100,2000-12-21
1114,100,1989-11-07
1114,100,1989-11-05
1115,135000,2020-08-25
1115,46500,2011-04-13
1115,106900,2005-05-02
1115,100,2004-11-05
1115,100,2004-11-05
1115,1855000,2003-07-01
1115,100,2002-07-11
1115,100,2000-12-21
1115,100,1989-11-07
1115,100,1989-11-05
1116,136500,2019-10-11
1116,0,2015-10-25
1116,38500,2010-05-21
1116,100,2009-12-15
1116,108900,2005-04-26
1116,142000,2005-04-26
1116,100,2004-11-05
1116,100,2004-11-05
1116,1855000,2003-07-01
1116,100,2002-07-11
1116,100,2000-12-21
1116,100,1989-11-07
1116,100,1989-11-05
1121,225000,2022-08-24
1121,78900,2007-09-21
1121,189900,2005-06-03
1121,106900,2005-05-02
1121,100,2004-11-05
1121,100,2004-11-05
1121,1855000,2003-07-01
1121,100,2002-07-11
1121,100,2000-12-21
1121,100,1989-11-07
1121,100,1989-11-05
1122,197100,2021-12-21
1122,210000,2005-09-30
1122,102900,2005-05-04
1122,100,2004-11-05
1122,100,2004-11-05
1122,1855000,2003-07-01
1122,100,2002-07-11
1122,100,2000-12-21
1122,100,1989-11-07
1122,100,1989-11-05
1123,245000,2024-04-09
1123,225000,2022-02-18
1123,103000,2017-10-30
1123,30200,2012-07-31
1123,139900,2005-05-09
1123,102900,2005-04-29
1123,100,2004-11-05
1123,100,2004-11-05
1123,1855000,2003-07-01
1123,100,2002-07-11
1123,100,2000-12-21
1123,100,1989-11-07
1123,100,1989-11-05
1124,90000,2016-04-20
1124,38900,2009-05-18
1124,100,2009-01-09
1124,183000,2006-08-09
1124,115000,2005-04-29
1124,102900,2005-04-19
1124,100,2004-11-05
1124,100,2004-11-05
1124,1855000,2003-07-01
1124,100,2002-07-11
1124,100,2000-12-21
1124,100,1989-11-07
1124,100,1989-11-05
1125,47000,2009-09-30
1125,0,2009-07-21
1125,145000,2005-05-05
1125,102900,2005-05-05
1125,100,2004-11-05
1125,100,2004-11-05
1125,1855000,2003-07-01
1125,100,2002-07-11
1125,100,2000-12-21
1125,100,1989-11-07
1125,100,1989-11-05
1126,235000,2023-03-01
1126,225000,2022-11-09
1126,112000,2018-09-05
1126,61000,2013-05-24
1126,155000,2005-04-28
1126,104900,2005-04-28
1126,100,2004-11-05
1126,100,2004-11-05
1126,1855000,2003-07-01
1126,100,2002-07-11
1126,100,2000-12-21
1126,100,1989-11-07
1126,100,1989-11-05
1211,185000,2025-08-01
1211,10,2014-07-22
1211,70000,2012-12-03
1211,35000,2009-10-19
1211,0,2009-06-19
1211,111900,2005-02-11
1211,1855000,2003-07-01
1211,100,2002-07-11
1211,100,2000-12-21
1211,100,1989-11-07
1211,100,1989-11-05
1212,130000,2019-04-16
1212,62000,2013-04-10
1212,51000,2009-12-29
1212,100,2009-10-16
1212,109900,2005-02-09
1212,1855000,2003-07-01
1212,100,2002-07-11
1212,100,2000-12-21
1212,100,1989-11-07
1212,100,1989-11-05
1213,45000,2010-01-21
1213,0,2009-10-26
1213,109900,2005-02-09
1213,1855000,2003-07-01
1213,100,2002-07-11
1213,100,2000-12-21
1213,100,1989-11-07
1213,100,1989-11-05
1214,68500,2012-09-06
1214,34900,2011-04-26
1214,100,2010-09-09
1214,100,2010-06-08
1214,111900,2005-02-09
1214,1855000,2003-07-01
1214,100,2002-07-11
1214,100,2000-12-21
1214,100,1989-11-07
1214,100,1989-11-05
1221,112000,2020-09-01
1221,100,2018-12-08
1221,100,2007-10-29
1221,172000,2005-05-10
1221,107900,2005-02-09
1221,1855000,2003-07-01
1221,100,2002-07-11
1221,100,2000-12-21
1221,100,1989-11-07
1221,100,1989-11-05
1222,10,2022-02-22
1222,133000,2019-11-14
1222,38000,2009-10-20
1222,100,2009-05-07
1222,105900,2005-02-11
1222,1855000,2003-07-01
1222,100,2002-07-11
1222,100,2000-12-21
1222,100,1989-11-07
1222,100,1989-11-05
1223,10,2022-09-01
1223,88500,2015-07-06
1223,37000,2010-04-27
1223,100,2010-03-17
1223,0,2009-10-05
1223,105900,2005-02-11
1223,1855000,2003-07-01
1223,100,2002-07-11
1223,100,2000-12-21
1223,100,1989-11-07
1223,100,1989-11-05
1224,123000,2017-02-27
1224,62000,2012-03-16
1224,10,2012-03-16
1224,100,2011-11-17
1224,39900,2009-10-19
1224,100,2009-05-22
1224,107900,2005-02-09
1224,1855000,2003-07-01
1224,100,2002-07-11
1224,100,2000-12-21
1224,100,1989-11-07
1224,100,1989-11-05
1311,10,2019-09-04
1311,96000,2016-03-31
1311,80000,2010-09-14
1311,44900,2010-03-15
1311,136900,2005-02-11
1311,105900,2005-02-08
1311,1855000,2003-07-01
1311,100,2002-07-11
1311,100,2000-12-21
1311,100,1989-11-07
1311,100,1989-11-05
1312,113500,2016-12-14
1312,100,2005-10-21
1312,165500,2005-04-08
1312,103900,2005-02-10
1312,1855000,2003-07-01
1312,100,2002-07-11
1312,100,2000-12-21
1312,100,1989-11-07
1312,100,1989-11-05
1313,81000,2014-06-03
1313,67000,2012-05-22
1313,100,2011-12-27
1313,39200,2010-02-22
1313,100,2010-02-01
1313,154900,2005-04-19
1313,107900,2005-02-10
1313,1855000,2003-07-01
1313,100,2002-07-11
1313,100,2000-12-21
1313,100,1989-11-07
1313,100,1989-11-05
1314,10,2021-11-23
1314,98500,2016-03-22
1314,62400,2015-10-30
1314,165000,2005-06-07
1314,105900,2005-02-09
1314,1855000,2003-07-01
1314,100,2002-07-11
1314,100,2000-12-21
1314,100,1989-11-07
1314,100,1989-11-05
1321,108000,2016-03-25
1321,10,2016-02-05
1321,86500,2015-04-09
1321,66000,2013-04-25
1321,50000,2011-01-25
1321,100,2010-08-31
1321,38000,2010-08-20
1321,100,2010-03-22
1321,134000,2005-02-08
1321,101900,2005-02-07
1321,1855000,2003-07-01
1321,100,2002-07-11
1321,100,2000-12-21
1321,100,1989-11-07
1321,100,1989-11-05
1322,44000,2011-11-14
1322,100,2011-02-18
1322,151500,2005-02-04
1322,99900,2005-02-04
1322,1855000,2003-07-01
1322,100,2002-07-11
1322,100,2000-12-21
1322,100,1989-11-07
1322,100,1989-11-05
1323,99900,2005-02-04
1323,1855000,2003-07-01
1323,100,2002-07-11
1323,100,2000-12-21
1323,100,1989-11-07
1323,100,1989-11-05
1324,186900,2022-02-28
1324,167000,2005-04-18
1324,101900,2005-02-08
1324,1855000,2003-07-01
1324,100,2002-07-11
1324,100,2000-12-21
1324,100,1989-11-07
1324,100,1989-11-05
1411,28300,2010-02-26
1411,100,2009-11-06
1411,185000,2006-12-26
1411,100,2006-02-23
1411,113900,2005-05-24
1411,1855000,2003-07-01
1411,100,2002-07-11
1411,100,2000-12-21
1411,100,1989-11-07
1411,100,1989-11-05
1412,245000,2022-07-14
1412,10,2016-01-20
1412,10,2016-01-20
1412,65000,2014-03-10
1412,100,2011-09-06
1412,55000,2011-06-02
1412,111900,2005-05-26
1412,176000,2005-05-24
1412,1855000,2003-07-01
1412,100,2002-07-11
1412,100,2000-12-21
1412,100,1989-11-07
1412,100,1989-11-05
1413,117900,2005-06-03
1413,1855000,2003-07-01
1413,100,2002-07-11
1413,100,2000-12-21
1413,100,1989-11-07
1413,100,1989-11-05
1414,93500,2016-03-03
1414,40000,2015-04-07
1414,100,2007-11-28
1414,113900,2005-06-03
1414,1855000,2003-07-01
1414,100,2002-07-11
1414,100,2000-12-21
1414,100,1989-11-07
1414,100,1989-11-05
1421,48000,2012-04-13
1421,100,2012-03-06
1421,113900,2005-06-07
1421,1855000,2003-07-01
1421,100,2002-07-11
1421,100,2000-12-21
1421,100,1989-11-07
1421,100,1989-11-05
1422,85000,2014-10-21
1422,10,2014-09-30
1422,29200,2014-07-01
1422,195000,2005-06-29
1422,107900,2005-05-27
1422,1855000,2003-07-01
1422,100,2002-07-11
1422,100,2000-12-21
1422,100,1989-11-07
1422,100,1989-11-05
1423,175000,2021-10-06
1423,37000,2010-09-29
1423,100,2009-10-23
1423,107900,2005-06-06
1423,1855000,2003-07-01
1423,100,2002-07-11
1423,100,2000-12-21
1423,100,1989-11-07
1423,100,1989-11-05
1424,63000,2013-02-28
1424,109900,2005-05-24
1424,1855000,2003-07-01
1424,100,2002-07-11
1424,100,2000-12-21
1424,100,1989-11-07
1424,100,1989-11-05
1511,10,2018-03-06
1511,10,2018-02-06
1511,113000,2017-06-20
1511,10,2014-02-10
1511,55000,2013-05-04
1511,212000,2005-09-09
1511,113900,2005-05-27
1511,1855000,2003-07-01
1511,100,2002-07-11
1511,100,2000-12-21
1511,100,1989-11-07
1511,100,1989-11-05
1512,127000,2019-12-30
1512,0,2014-04-11
1512,86500,2014-04-11
1512,55000,2014-01-31
1512,70100,2013-07-23
1512,111900,2005-06-06
1512,1855000,2003-07-01
1512,100,2002-07-11
1512,100,2000-12-21
1512,100,1989-11-07
1512,100,1989-11-05
1513,84000,2014-10-30
1513,59900,2012-09-13
1513,40000,2009-03-09
1513,100,2008-10-10
1513,204000,2005-09-15
1513,111900,2005-05-27
1513,1855000,2003-07-01
1513,100,2002-07-11
1513,100,2000-12-21
1513,100,1989-11-07
1513,100,1989-11-05
1514,10,2023-09-28
1514,109000,2016-10-25
1514,113900,2005-05-26
1514,1855000,2003-07-01
1514,100,2002-07-11
1514,100,2000-12-21
1514,100,1989-11-07
1514,100,1989-11-05
1521,10,2019-05-23
1521,10,2019-02-13
1521,10,2018-03-27
1521,105000,2018-03-27
1521,169000,2005-07-19
1521,113900,2005-06-06
1521,1855000,2003-07-01
1521,100,2002-07-11
1521,100,2000-12-21
1521,100,1989-11-07
1521,100,1989-11-05
1522,160000,2021-06-23
1522,125000,2019-05-31
1522,89900,2015-06-17
1522,55000,2012-08-20
1522,30100,2012-03-30
1522,206000,2006-03-27
1522,123900,2005-06-03
1522,1855000,2003-07-01
1522,100,2002-07-11
1522,100,2000-12-21
1522,100,1989-11-07
1522,100,1989-11-05
1523,154900,2021-09-21
1523,10,2019-05-14
1523,107900,2005-06-07
1523,1855000,2003-07-01
1523,100,2002-07-11
1523,100,2000-12-21
1523,100,1989-11-07
1523,100,1989-11-05
1524,100,2024-10-14
1524,107900,2005-06-03
1524,1855000,2003-07-01
1524,100,2002-07-11
1524,100,2000-12-21
1524,100,1989-11-07
1524,100,1989-11-05
1611,62000,2013-02-07
1611,100,2011-11-17
1611,38100,2010-01-27
1611,100,2009-11-06
1611,105900,2005-06-17
1611,1855000,2003-07-01
1611,100,2002-07-11
1611,100,2000-12-21
1611,100,1989-11-07
1611,100,1989-11-05
1612,10,2023-09-29
1612,115000,2019-06-03
1612,75500,2014-03-18
1612,68000,2008-09-17
1612,100,2008-08-11
1612,204000,2005-08-15
1612,103900,2005-06-24
1612,1855000,2003-07-01
1612,100,2002-07-11
1612,100,2000-12-21
1612,100,1989-11-07
1612,100,1989-11-05
1613,60000,2013-04-25
1613,10,2013-04-25
1613,100,2010-12-29
1613,100,2009-10-09
1613,53000,2009-06-29
1613,100,2008-06-02
1613,206000,2006-01-13
1613,103900,2005-06-24
1613,144000,2005-06-24
1613,1855000,2003-07-01
1613,100,2002-07-11
1613,100,2000-12-21
1613,100,1989-11-07
1613,100,1989-11-05
1614,115000,2017-06-20
1614,10,2015-11-19
1614,103900,2005-06-20
1614,135000,2005-06-20
1614,1855000,2003-07-01
1614,100,2002-07-11
1614,100,2000-12-21
1614,100,1989-11-07
1614,100,1989-11-05
1615,36550,2014-07-11
1615,77000,2014-07-02
1615,103900,2005-06-24
1615,1855000,2003-07-01
1615,100,2002-07-11
1615,100,2000-12-21
1615,100,1989-11-07
1615,100,1989-11-05
1616,40900,2013-03-30
1616,15300,2013-01-25
1616,105900,2005-06-28
1616,1855000,2003-07-01
1616,100,2002-07-11
1616,100,2000-12-21
1616,100,1989-11-07
1616,100,1989-11-05
1621,120000,2022-12-16
1621,108000,2017-10-10
1621,101900,2005-06-24
1621,1855000,2003-07-01
1621,100,2002-07-11
1621,100,2000-12-21
1621,100,1989-11-07
1621,100,1989-11-05
1622,50000,2012-05-10
1622,20000,2010-10-26
1622,100,2007-02-14
1622,99900,2005-06-24
1622,1855000,2003-07-01
1622,100,2002-07-11
1622,100,2000-12-21
1622,100,1989-11-07
1622,100,1989-11-05
1623,98000,2016-10-07
1623,85000,2010-11-12
1623,39900,2010-08-30
1623,125000,2007-08-30
1623,100,2007-01-23
1623,218000,2006-01-18
1623,100,2006-01-18
1623,99900,2005-06-17
1623,1855000,2003-07-01
1623,100,2002-07-11
1623,100,2000-12-21
1623,100,1989-11-07
1623,100,1989-11-05
1624,10,2019-03-07
1624,108000,2017-08-21
1624,68900,2010-07-23
1624,38000,2010-05-18
1624,214000,2005-10-28
1624,123900,2005-06-21
1624,1855000,2003-07-01
1624,100,2002-07-11
1624,100,2000-12-21
1624,100,1989-11-07
1624,100,1989-11-05
1625,45900,2011-09-13
1625,150000,2007-04-20
1625,123900,2005-06-23
1625,1855000,2003-07-01
1625,100,2002-07-11
1625,100,2000-12-21
1625,100,1989-11-07
1625,100,1989-11-05
1626,101900,2005-06-24
1626,1855000,2003-07-01
1626,100,2002-07-11
1626,100,2000-12-21
1626,100,1989-11-07
1626,100,1989-11-05
1711,215000,2022-03-24
1711,0,2022-03-13
1711,167000,2005-07-01
1711,108900,2005-07-01
1711,1855000,2003-07-01
1711,100,2002-07-11
1711,100,2000-12-21
1711,100,1989-11-07
1711,100,1989-11-05
1712,0,2021-11-01
1712,145000,2021-03-29
1712,87500,2014-04-24
1712,55000,2010-05-10
1712,37000,2009-12-17
1712,215000,2005-11-10
1712,167000,2005-07-01
1712,106900,2005-07-01
1712,1855000,2003-07-01
1712,100,2002-07-11
1712,100,2000-12-21
1712,100,1989-11-07
1712,100,1989-11-05
1713,100,2024-05-07
1713,140000,2021-06-10
1713,149900,2005-06-30
1713,106900,2005-06-30
1713,1855000,2003-07-01
1713,100,2002-07-11
1713,100,2000-12-21
1713,100,1989-11-07
1713,100,1989-11-05
1714,0,2023-01-02
1714,235000,2022-11-15
1714,57000,2012-12-03
1714,150000,2005-07-08
1714,108900,2005-07-08
1714,1855000,2003-07-01
1714,100,2002-07-11
1714,100,2000-12-21
1714,100,1989-11-07
1714,100,1989-11-05
1721,46000,2011-08-11
1721,227700,2005-12-05
1721,104900,2005-07-06
1721,1855000,2003-07-01
1721,100,2002-07-11
1721,100,2000-12-21
1721,100,1989-11-07
1721,100,1989-11-05
1722,165000,2021-07-27
1722,10,2021-07-08
1722,100,2017-12-18
1722,97400,2016-08-30
1722,103800,2005-06-30
1722,1855000,2003-07-01
1722,100,2002-07-11
1722,100,2000-12-21
1722,100,1989-11-07
1722,100,1989-11-05
1723,51000,2011-06-09
1723,0,2011-03-11
1723,179000,2005-07-19
1723,102900,2005-06-30
1723,1855000,2003-07-01
1723,100,2002-07-11
1723,100,2000-12-21
1723,100,1989-11-07
1723,100,1989-11-05
1724,10,2025-11-10
1724,195000,2025-07-31
1724,225000,2022-06-09
1724,130000,2019-05-21
1724,58000,2012-03-30
1724,57000,2010-01-14
1724,29500,2009-11-17
1724,100,2006-08-09
1724,213000,2006-08-09
1724,104900,2005-07-08
1724,1855000,2003-07-01
1724,100,2002-07-11
1724,100,2000-12-21
1724,100,1989-11-07
1724,100,1989-11-05
1811,200000,2022-07-01
1811,39000,2010-01-29
1811,0,2009-10-28
1811,114900,2005-11-07
1811,1855000,2003-07-01
1811,100,2002-07-11
1811,100,2000-12-21
1811,100,1989-11-07
1811,100,1989-11-05
1812,62000,2013-02-28
1812,100,2011-11-17
1812,42100,2010-01-26
1812,100,2009-07-02
1812,100,2009-06-22
1812,117900,2005-11-04
1812,1855000,2003-07-01
1812,100,2002-07-11
1812,100,2000-12-21
1812,100,1989-11-07
1812,100,1989-11-05
1813,189000,2021-07-26
1813,148000,2020-12-07
1813,86900,2014-08-13
1813,61000,2014-01-09
1813,100,2013-05-17
1813,114900,2005-11-09
1813,1855000,2003-07-01
1813,100,2002-07-11
1813,100,2000-12-21
1813,100,1989-11-07
1813,100,1989-11-05
1814,138500,2020-07-17
1814,70000,2014-10-13
1814,27100,2014-08-08
1814,116900,2005-11-07
1814,1855000,2003-07-01
1814,100,2002-07-11
1814,100,2000-12-21
1814,100,1989-11-07
1814,100,1989-11-05
1821,205000,2023-11-14
1821,149000,2021-06-29
1821,82000,2014-12-30
1821,10,2014-07-10
1821,45000,2011-01-21
1821,0,2010-12-21
1821,100,2010-08-26
1821,0,2010-03-04
1821,224600,2006-02-22
1821,112900,2005-11-09
1821,1855000,2003-07-01
1821,100,2002-07-11
1821,100,2000-12-21
1821,100,1989-11-07
1821,100,1989-11-05
1822,0,2024-10-21
1822,150000,2020-12-21
1822,40000,2011-06-09
1822,19000,2010-09-13
1822,185000,2007-01-23
1822,110900,2005-11-16
1822,1855000,2003-07-01
1822,100,2002-07-11
1822,100,2000-12-21
1822,100,1989-11-07
1822,100,1989-11-05
1823,36000,2011-01-12
1823,24100,2010-11-01
1823,110900,2005-11-09
1823,1855000,2003-07-01
1823,100,2002-07-11
1823,100,2000-12-21
1823,100,1989-11-07
1823,100,1989-11-05
1824,55000,2018-12-15
1824,50000,2010-07-14
1824,100,2008-02-19
1824,100,2007-12-14
1824,112900,2005-11-02
1824,1855000,2003-07-01
1824,100,2002-07-11
1824,100,2000-12-21
1824,100,1989-11-07
1824,100,1989-11-05
1911,215000,2024-08-07
1911,0,2017-03-28
1911,10,2017-03-28
1911,42570,2012-01-18
1911,30100,2011-08-09
1911,116900,2005-11-16
1912,238000,2023-03-10
1912,108000,2017-06-30
1912,82900,2015-10-08
1912,42200,2015-07-24
1912,145000,2007-04-27
1912,114900,2005-11-14
1913,60000,2013-02-07
1913,45900,2011-10-12
1913,30600,2011-07-12
1913,130900,2005-11-22
1914,53000,2012-04-04
1914,96400,2011-12-07
1914,116900,2005-11-17
1921,125000,2018-10-15
1921,45000,2011-09-09
1921,30300,2011-06-07
1921,112900,2005-11-11
1922,247000,2022-07-21
1922,52000,2010-07-16
1922,32000,2010-04-05
1922,110900,2005-11-14
1923,85000,2015-08-03
1923,167000,2007-01-25
1923,110900,2005-11-10
1924,149900,2021-03-23
1924,0,2017-11-01
1924,0,2017-11-01
1924,100,2011-12-01
1924,212900,2005-11-11
1924,112900,2005-11-11
2011,100000,2016-08-26
2011,100,2009-04-17
2011,36500,2009-04-16
2011,100,2009-02-04
2011,203000,2006-03-13
2011,118900,2005-12-14
2012,93000,2015-10-15
2012,10,2013-12-09
2012,116900,2005-11-28
2013,235000,2022-06-10
2013,75500,2015-01-05
2013,41300,2010-07-09
2013,34100,2010-05-11
2013,120900,2005-11-30
2014,110000,2017-09-19
2014,27500,2010-11-16
2014,118900,2005-11-28
2021,128900,2005-11-28
2022,1,2023-05-26
2022,132000,2021-04-15
2022,62000,2014-05-15
2022,10,2013-12-09
2022,116900,2005-11-28
2023,210000,2005-12-12
2023,112900,2005-12-06
2024,65000,2012-04-20
2024,50000,2011-03-31
2024,205000,2005-11-22
2024,114900,2005-11-22
2111,245000,2023-11-17
2111,235000,2022-07-19
2111,180000,2021-08-11
2111,10,2019-06-12
2111,66000,2013-01-28
2111,58900,2011-11-11
2111,121900,2005-12-02
2111,1855000,2003-07-01
2111,100,2002-07-11
2111,100,2000-12-21
2111,100,1989-11-07
2111,100,1989-11-05
2112,161000,2021-11-11
2112,95000,2017-06-16
2112,82000,2014-08-15
2112,54000,2009-06-11
2112,116900,2005-12-05
2112,1855000,2003-07-01
2112,100,2002-07-11
2112,100,2000-12-21
2112,100,1989-11-07
2112,100,1989-11-05
2113,155000,2021-05-17
2113,90000,2021-02-05
2113,90000,2021-02-05
2113,120900,2006-02-21
2113,1855000,2003-07-01
2113,100,2002-07-11
2113,100,2000-12-21
2113,100,1989-11-07
2113,100,1989-11-05
2114,108000,2016-03-15
2114,68000,2014-03-31
2114,27000,2010-06-18
2114,118900,2005-12-15
2114,1855000,2003-07-01
2114,100,2002-07-11
2114,100,2000-12-21
2114,100,1989-11-07
2114,100,1989-11-05
2121,75000,2013-07-29
2121,50000,2011-03-31
2121,117900,2005-12-06
2121,205000,2005-11-23
2121,1855000,2003-07-01
2121,100,2002-07-11
2121,100,2000-12-21
2121,100,1989-11-07
2121,100,1989-11-05
2122,108000,2017-05-24
2122,34900,2010-10-20
2122,2100,2010-06-08
2122,112900,2005-12-14
2122,1855000,2003-07-01
2122,100,2002-07-11
2122,100,2000-12-21
2122,100,1989-11-07
2122,100,1989-11-05
2123,44000,2009-06-30
2123,126900,2005-12-09
2123,1855000,2003-07-01
2123,100,2002-07-11
2123,100,2000-12-21
2123,100,1989-11-07
2123,100,1989-11-05
2124,121000,2018-08-06
2124,52000,2011-09-23
2124,60000,2010-01-22
2124,30000,2009-10-23
2124,118900,2005-12-14
2124,1855000,2003-07-01
2124,100,2002-07-11
2124,100,2000-12-21
2124,100,1989-11-07
2124,100,1989-11-05
2211,100,2005-12-20
2211,118900,2005-12-20
2211,1855000,2003-07-01
2211,100,2002-07-11
2211,100,2000-12-21
2211,100,1989-11-07
2211,100,1989-11-05
2212,227000,2023-09-20
2212,10,2020-05-07
2212,114000,2016-03-24
2212,69900,2013-07-11
2212,10,2012-04-13
2212,34500,2011-06-15
2212,100,2010-05-11
2212,116900,2005-12-15
2212,1855000,2003-07-01
2212,100,2002-07-11
2212,100,2000-12-21
2212,100,1989-11-07
2212,100,1989-11-05
2213,167000,2021-04-30
2213,10,2019-06-12
2213,61750,2012-12-31
2213,44900,2011-10-05
2213,26000,2011-08-09
2213,0,2011-04-12
2213,8200,2010-12-21
2213,116900,2005-12-30
2213,1855000,2003-07-01
2213,100,2002-07-11
2213,100,2000-12-21
2213,100,1989-11-07
2213,100,1989-11-05
2214,10,2025-11-18
2214,150000,2021-07-21
2214,0,2020-05-28
2214,0,2020-05-28
2214,119900,2017-08-25
2214,52900,2011-05-31
2214,210000,2005-12-20
2214,122900,2005-12-20
2214,1855000,2003-07-01
2214,100,2002-07-11
2214,100,2000-12-21
2214,100,1989-11-07
2214,100,1989-11-05
2221,40000,2009-12-04
2221,114900,2005-12-30
2221,1855000,2003-07-01
2221,100,2002-07-11
2221,100,2000-12-21
2221,100,1989-11-07
2221,100,1989-11-05
2222,148000,2021-06-15
2222,108500,2016-05-20
2222,0,2010-07-30
2222,100,2010-07-30
2222,110000,2008-01-25
2222,100,2006-03-29
2222,112900,2005-12-19
2222,1855000,2003-07-01
2222,100,2002-07-11
2222,100,2000-12-21
2222,100,1989-11-07
2222,100,1989-11-05
2223,100,2008-01-08
2223,100,2007-04-30
2223,112900,2005-12-29
2223,1855000,2003-07-01
2223,100,2002-07-11
2223,100,2000-12-21
2223,100,1989-11-07
2223,100,1989-11-05
2224,114000,2017-03-06
2224,114900,2005-12-19
2224,1855000,2003-07-01
2224,100,2002-07-11
2224,100,2000-12-21
2224,100,1989-11-07
2224,100,1989-11-05
2311,215000,2024-06-03
2311,0,2017-05-17
2311,124900,2005-12-15
2311,191000,2005-12-12
2311,1855000,2003-07-01
2311,100,2002-07-11
2311,100,2000-12-21
2311,100,1989-11-07
2311,100,1989-11-05
2312,10,2025-09-24
2312,100000,2016-04-11
2312,100,2010-08-05
2312,212000,2005-12-16
2312,123900,2005-12-16
2312,1855000,2003-07-01
2312,100,2002-07-11
2312,100,2000-12-21
2312,100,1989-11-07
2312,100,1989-11-05
2313,117500,2019-08-22
2313,130900,2005-12-15
2313,1855000,2003-07-01
2313,100,2002-07-11
2313,100,2000-12-21
2313,100,1989-11-07
2313,100,1989-11-05
2314,165000,2021-07-16
2314,125900,2005-12-15
2314,1855000,2003-07-01
2314,100,2002-07-11
2314,100,2000-12-21
2314,100,1989-11-07
2314,100,1989-11-05
2321,125000,2020-09-17
2321,41300,2013-03-29
2321,120900,2005-12-29
2321,190500,2005-12-27
2321,1855000,2003-07-01
2321,100,2002-07-11
2321,100,2000-12-21
2321,100,1989-11-07
2321,100,1989-11-05
2322,63000,2013-05-23
2322,56110,2012-05-07
2322,37000,2010-04-21
2322,174900,2009-09-25
2322,177000,2007-03-16
2322,119900,2005-12-23
2322,1855000,2003-07-01
2322,100,2002-07-11
2322,100,2000-12-21
2322,100,1989-11-07
2322,100,1989-11-05
2323,126500,2018-05-30
2323,69000,2014-05-21
2323,100,2012-01-30
2323,50000,2011-10-13
2323,42000,2009-10-28
2323,100,2009-07-10
2323,100,2009-07-06
2323,189800,2006-09-11
2323,119900,2005-12-16
2323,1855000,2003-07-01
2323,100,2002-07-11
2323,100,2000-12-21
2323,100,1989-11-07
2323,100,1989-11-05
2324,105000,2016-07-14
2324,120900,2005-12-16
2324,1855000,2003-07-01
2324,100,2002-07-11
2324,100,2000-12-21
2324,100,1989-11-07
2324,100,1989-11-05
2411,215000,2022-03-24
2411,125900,2005-12-23
2411,1855000,2003-07-01
2411,100,2002-07-11
2411,100,2000-12-21
2411,100,1989-11-07
2411,100,1989-11-05
2412,232000,2023-07-21
2412,10,2022-03-03
2412,115000,2018-01-16
2412,41000,2009-05-04
2412,100,2009-03-05
2412,122900,2006-01-06
2412,1855000,2003-07-01
2412,100,2002-07-11
2412,100,2000-12-21
2412,100,1989-11-07
2412,100,1989-11-05
2413,0,2019-06-02
2413,0,2019-06-02
2413,42000,2009-11-19
2413,100,2009-07-30
2413,100,2009-07-27
2413,197000,2006-06-13
2413,123900,2005-12-30
2413,1855000,2003-07-01
2413,100,2002-07-11
2413,100,2000-12-21
2413,100,1989-11-07
2413,100,1989-11-05
2414,118000,2018-03-30
2414,90100,2015-07-15
2414,125900,2005-12-23
2414,1855000,2003-07-01
2414,100,2002-07-11
2414,100,2000-12-21
2414,100,1989-11-07
2414,100,1989-11-05
2421,120900,2005-12-30
2421,1855000,2003-07-01
2421,100,2002-07-11
2421,100,2000-12-21
2421,100,1989-11-07
2421,100,1989-11-05
2422,0,2019-12-03
2422,10,2019-09-24
2422,59000,2011-05-31
2422,45000,2010-09-24
2422,184200,2006-09-18
2422,119900,2006-01-09
2422,1855000,2003-07-01
2422,100,2002-07-11
2422,100,2000-12-21
2422,100,1989-11-07
2422,100,1989-11-05
2423,235000,2023-03-15
2423,60000,2012-07-19
2423,118900,2005-12-19
2423,1855000,2003-07-01
2423,100,2002-07-11
2423,100,2000-12-21
2423,100,1989-11-07
2423,100,1989-11-05
2424,230000,2021-12-15
2424,125000,2021-02-27
2424,64575,2015-06-03
2424,153057,2015-04-14
2424,120900,2006-01-04
2424,212000,2005-12-21
2424,1855000,2003-07-01
2424,100,2002-07-11
2424,100,2000-12-21
2424,100,1989-11-07
2424,100,1989-11-05
2511,113800,2017-07-07
2511,100,2015-12-14
2511,41100,2010-09-20
2511,100,2009-12-09
2511,225000,2006-03-10
2511,125900,2005-12-22
2511,1855000,2003-07-01
2511,100,2002-07-11
2511,100,2000-12-21
2511,100,1989-11-07
2511,100,1989-11-05
2512,129000,2019-05-17
2512,76000,2014-08-11
2512,100,2014-06-17
2512,123900,2005-12-12
2512,1855000,2003-07-01
2512,100,2002-07-11
2512,100,2000-12-21
2512,100,1989-11-07
2512,100,1989-11-05
2513,90000,2015-06-04
2513,130900,2005-12-19
2513,1855000,2003-07-01
2513,100,2002-07-11
2513,100,2000-12-21
2513,100,1989-11-07
2513,100,1989-11-05
2514,124900,2005-12-14
2514,1855000,2003-07-01
2514,100,2002-07-11
2514,100,2000-12-21
2514,100,1989-11-07
2514,100,1989-11-05
2521,10,2024-11-19
2521,200000,2024-11-19
2521,225000,2022-03-10
2521,117500,2018-05-31
2521,105000,2017-05-30
2521,128900,2005-12-09
2521,1855000,2003-07-01
2521,100,2002-07-11
2521,100,2000-12-21
2521,100,1989-11-07
2521,100,1989-11-05
2522,56500,2009-11-25
2522,31500,2009-09-21
2522,189000,2006-08-02
2522,119900,2005-12-12
2522,1855000,2003-07-01
2522,100,2002-07-11
2522,100,2000-12-21
2522,100,1989-11-07
2522,100,1989-11-05
2523,51000,2011-04-12
2523,40000,2009-04-17
2523,100,2009-03-20
2523,210000,2005-12-28
2523,119900,2005-12-23
2523,1855000,2003-07-01
2523,100,2002-07-11
2523,100,2000-12-21
2523,100,1989-11-07
2523,100,1989-11-05
2524,120000,2019-09-18
2524,10,2015-06-30
2524,55000,2013-04-05
2524,121900,2005-12-14
2524,1855000,2003-07-01
2524,100,2002-07-11
2524,100,2000-12-21
2524,100,1989-11-07
2524,100,1989-11-05
2611,110000,2019-02-27
2611,0,2012-12-06
2611,142900,2005-12-14
2611,1855000,2003-07-01
2611,100,2002-07-11
2611,100,2000-12-21
2611,100,1989-11-07
2611,100,1989-11-05
2612,208000,2021-09-14
2612,87500,2017-05-09
2612,76600,2017-02-14
2612,140900,2005-12-16
2612,1855000,2003-07-01
2612,100,2002-07-11
2612,100,2000-12-21
2612,100,1989-11-07
2612,100,1989-11-05
2613,10,2018-03-14
2613,57000,2012-07-20
2613,100,2012-06-22
2613,10100,2012-04-30
2613,130900,2005-12-30
2613,1855000,2003-07-01
2613,100,2002-07-11
2613,100,2000-12-21
2613,100,1989-11-07
2613,100,1989-11-05
2614,182000,2025-05-30
2614,0,2023-11-07
2614,0,2017-12-03
2614,60010,2014-01-28
2614,10,2013-12-18
2614,10,2013-11-18
2614,300,2013-10-21
2614,132900,2005-12-29
2614,1855000,2003-07-01
2614,100,2002-07-11
2614,100,2000-12-21
2614,100,1989-11-07
2614,100,1989-11-05
2621,38000,2009-12-29
2621,100,2007-09-04
2621,100,2006-12-21
2621,128900,2005-12-14
2621,1855000,2003-07-01
2621,100,2002-07-11
2621,100,2000-12-21
2621,100,1989-11-07
2621,100,1989-11-05
2622,10,2023-07-16
2622,120000,2018-07-05
2622,110000,2018-04-23
2622,44900,2009-04-08
2622,100,2009-01-28
2622,100,2006-01-10
2622,126900,2005-12-14
2622,1855000,2003-07-01
2622,100,2002-07-11
2622,100,2000-12-21
2622,100,1989-11-07
2622,100,1989-11-05
2623,42000,2009-11-19
2623,100,2009-09-23
2623,100,2009-07-01
2623,187000,2006-08-25
2623,136900,2005-12-30
2623,1855000,2003-07-01
2623,100,2002-07-11
2623,100,2000-12-21
2623,100,1989-11-07
2623,100,1989-11-05
2624,124000,2017-09-18
2624,80000,2014-02-21
2624,128900,2005-12-12
2624,1855000,2003-07-01
2624,100,2002-07-11
2624,100,2000-12-21
2624,100,1989-11-07
2624,100,1989-11-05
2711,90000,2015-03-26
2711,60000,2012-05-15
2711,52600,2010-12-09
2711,119800,2010-07-30
2711,131600,2004-12-16
2711,1855000,2003-07-01
2711,100,2002-07-11
2711,100,2000-12-21
2711,100,1989-11-07
2711,100,1989-11-05
2712,150000,2019-05-20
2712,145000,2018-11-30
2712,120000,2015-06-03
2712,69900,2012-03-30
2712,190000,2005-08-25
2712,127900,2004-12-28
2712,1855000,2003-07-01
2712,100,2002-07-11
2712,100,2000-12-21
2712,100,1989-11-07
2712,100,1989-11-05
2721,153900,2004-12-15
2721,1855000,2003-07-01
2721,100,2002-07-11
2721,100,2000-12-21
2721,100,1989-11-07
2721,100,1989-11-05
2722,0,2020-04-13
2722,81000,2009-06-29
2722,266900,2009-02-23
2722,249000,2006-08-30
2722,188000,2004-12-16
2722,1855000,2003-07-01
2722,100,2002-07-11
2722,100,2000-12-21
2722,100,1989-11-07
2722,100,1989-11-05
2811,10,2023-05-16
2811,10,2013-03-11
2811,59900,2012-03-16
2811,158000,2005-02-04
2811,127900,2004-12-17
2811,1855000,2003-07-01
2811,100,2002-07-11
2811,100,2000-12-21
2811,100,1989-11-07
2811,100,1989-11-05
2812,59500,2009-05-23
2812,100,2008-11-07
2812,100,2008-06-17
2812,159000,2004-12-27
2812,127900,2004-12-21
2812,1855000,2003-07-01
2812,100,2002-07-11
2812,100,2000-12-21
2812,100,1989-11-07
2812,100,1989-11-05
2821,10,2023-05-16
2821,0,2013-10-21
2821,107000,2013-10-21
2821,0,2013-07-26
2821,0,2013-07-26
2821,240000,2005-05-20
2821,149900,2004-12-20
2821,188000,2004-12-17
2821,1855000,2003-07-01
2821,100,2002-07-11
2821,100,2000-12-21
2821,100,1989-11-07
2821,100,1989-11-05
2822,169000,2020-09-10
2822,149900,2004-12-22
2822,1855000,2003-07-01
2822,100,2002-07-11
2822,100,2000-12-21
2822,100,1989-11-07
2822,100,1989-11-05
2911,305000,2023-02-27
2911,100000,2013-10-18
2911,150900,2005-07-20
2911,100,2004-11-05
2911,100,2004-11-05
2911,1855000,2003-07-01
2911,100,2002-07-11
2911,100,2000-12-21
2911,100,1989-11-07
2911,100,1989-11-05
2912,10,2015-03-11
2912,53600,2009-08-31
2912,100,2009-07-17
2912,250000,2006-07-25
2912,133900,2005-07-21
2912,100,2004-11-05
2912,100,2004-11-05
2912,1855000,2003-07-01
2912,100,2002-07-11
2912,100,2000-12-21
2912,100,1989-11-07
2912,100,1989-11-05
2921,180000,2007-10-31
2921,100,2007-10-11
2921,155900,2005-07-21
2921,100,2004-11-05
2921,100,2004-11-05
2921,1855000,2003-07-01
2921,100,2002-07-11
2921,100,2000-12-21
2921,100,1989-11-07
2921,100,1989-11-05
2922,74600,2010-09-10
2922,43300,2010-04-15
2922,195000,2007-06-19
2922,155900,2005-07-22
2922,100,2004-11-05
2922,100,2004-11-05
2922,1855000,2003-07-01
2922,100,2002-07-11
2922,100,2000-12-21
2922,100,1989-11-07
2922,100,1989-11-05
3011,0,2014-03-07
3011,0,2014-03-07
3011,106000,2014-03-06
3011,100,2006-03-15
3011,100,2006-03-15
3011,196000,2005-05-11
3011,137000,2004-12-17
3011,133900,2004-12-17
3011,1855000,2003-07-01
3011,100,2002-07-11
3011,100,2000-12-21
3011,100,1989-11-07
3011,100,1989-11-05
3012,61900,2009-09-04
3012,36800,2009-06-29
3012,133900,2005-01-05
3012,1855000,2003-07-01
3012,100,2002-07-11
3012,100,2000-12-21
3012,100,1989-11-07
3012,100,1989-11-05
3021,169000,2020-06-19
3021,125750,2014-12-30
3021,31600,2014-07-08
3021,0,2013-03-28
3021,0,2011-11-20
3021,155900,2004-12-21
3021,1855000,2003-07-01
3021,100,2002-07-11
3021,100,2000-12-21
3021,100,1989-11-07
3021,100,1989-11-05
3022,174500,2007-08-30
3022,168600,2004-12-17
3022,1855000,2003-07-01
3022,100,2002-07-11
3022,100,2000-12-21
3022,100,1989-11-07
3022,100,1989-11-05
3111,10,2015-12-01
3111,77000,2013-02-15
3111,42900,2009-03-19
3111,100,2009-03-18
3111,100,2008-11-14
3111,173500,2005-01-19
3111,134900,2005-01-06
3111,1855000,2003-07-01
3111,100,2002-07-11
3111,100,2000-12-21
3111,100,1989-11-07
3111,100,1989-11-05
3112,163000,2019-01-25
3112,0,2018-10-01
3112,0,2018-05-03
3112,56000,2009-04-08
3112,100,2009-01-22
3112,165000,2004-12-20
3112,134900,2004-12-20
3112,1855000,2003-07-01
3112,100,2002-07-11
3112,100,2000-12-21
3112,100,1989-11-07
3112,100,1989-11-05
3121,325000,2022-12-01
3121,295000,2022-06-07
3121,195000,2021-01-08
3121,170900,2016-09-20
3121,10,2013-06-17
3121,162000,2008-10-16
3121,156900,2004-12-30
3121,1855000,2003-07-01
3121,100,2002-07-11
3121,100,2000-12-21
3121,100,1989-11-07
3121,100,1989-11-05
3122,175000,2007-08-24
3122,170900,2004-12-21
3122,1855000,2003-07-01
3122,100,2002-07-11
3122,100,2000-12-21
3122,100,1989-11-07
3122,100,1989-11-05
3211,62900,2011-09-16
3211,100,2011-05-17
3211,15100,2011-04-26
3211,134900,2005-07-22
3211,100,2004-11-05
3211,100,2004-11-05
3211,1855000,2003-07-01
3211,100,2002-07-11
3211,100,2000-12-21
3211,100,1989-11-07
3211,100,1989-11-05
3212,100,2012-11-20
3212,100,2010-05-18
3212,138900,2005-07-15
3212,100,2004-11-05
3212,100,2004-11-05
3212,1855000,2003-07-01
3212,100,2002-07-11
3212,100,2000-12-21
3212,100,1989-11-07
3212,100,1989-11-05
3221,145000,2016-04-29
3221,91600,2015-11-13
3221,87100,2012-06-05
3221,32600,2011-08-12
3221,269000,2005-08-31
3221,156900,2005-07-26
3221,100,2004-11-05
3221,100,2004-11-05
3221,1855000,2003-07-01
3221,100,2002-07-11
3221,100,2000-12-21
3221,100,1989-11-07
3221,100,1989-11-05
3222,125000,2016-01-13
3222,6100,2014-04-15
3222,100,2007-07-18
3222,100,2005-11-30
3222,156900,2005-07-21
3222,100,2004-11-05
3222,100,2004-11-05
3222,1855000,2003-07-01
3222,100,2002-07-11
3222,100,2000-12-21
3222,100,1989-11-07
3222,100,1989-11-05
3311,0,2025-01-27
3311,0,2025-01-27
3311,0,2023-10-14
3311,300000,2022-11-01
3311,241000,2021-11-29
3311,135900,2005-07-15
3311,165000,2005-07-15
3311,100,2004-11-05
3311,100,2004-11-05
3311,1855000,2003-07-01
3311,100,2002-07-11
3311,100,2000-12-21
3311,100,1989-11-07
3311,100,1989-11-05
3312,259900,2022-01-14
3312,0,2015-04-27
3312,139900,2005-07-15
3312,100,2004-11-05
3312,100,2004-11-05
3312,1855000,2003-07-01
3312,100,2002-07-11
3312,100,2000-12-21
3312,100,1989-11-07
3312,100,1989-11-05
3321,300000,2024-06-21
3321,199000,2021-03-29
3321,121000,2014-06-30
3321,63000,2014-03-07
3321,100,2013-12-06
3321,188500,2005-07-26
3321,157900,2005-07-19
3321,100,2004-11-05
3321,100,2004-11-05
3321,1855000,2003-07-01
3321,100,2002-07-11
3321,100,2000-12-21
3321,100,1989-11-07
3321,100,1989-11-05
3322,0,2022-12-06
3322,62600,2010-11-05
3322,37100,2010-04-16
3322,100,2010-04-08
3322,100,2009-09-24
3322,189200,2007-06-29
3322,157900,2005-07-20
3322,100,2004-11-05
3322,100,2004-11-05
3322,1855000,2003-07-01
3322,100,2002-07-11
3322,100,2000-12-21
3322,100,1989-11-07
3322,100,1989-11-05
3411,52000,2010-12-28
3411,0,2010-07-20
3411,135900,2005-07-14
3411,100,2004-11-05
3411,100,2004-11-05
3411,1855000,2003-07-01
3411,100,2002-07-11
3411,100,2000-12-21
3411,100,1989-11-07
3411,100,1989-11-05
3412,10,2023-03-29
3412,305000,2023-02-24
3412,165000,2019-02-21
3412,155000,2016-02-29
3412,111000,2014-02-14
3412,0,2012-05-31
3412,239000,2005-07-18
3412,135900,2005-07-13
3412,100,2004-11-05
3412,100,2004-11-05
3412,1855000,2003-07-01
3412,100,2002-07-11
3412,100,2000-12-21
3412,100,1989-11-07
3412,100,1989-11-05
3421,250000,2024-02-21
3421,157900,2005-07-18
3421,100,2004-11-05
3421,100,2004-11-05
3421,1855000,2003-07-01
3421,100,2002-07-11
3421,100,2000-12-21
3421,100,1989-11-07
3421,100,1989-11-05
3422,165000,2020-02-04
3422,170000,2007-06-20
3422,157900,2005-07-20
3422,100,2004-11-05
3422,100,2004-11-05
3422,1855000,2003-07-01
3422,100,2002-07-11
3422,100,2000-12-21
3422,100,1989-11-07
3422,100,1989-11-05
